Date,Mileage,time_corr,pace_min
2009-04-25,3.1,0:29:38,9.559139784946236
2009-11-21,3.1,0:22:51,7.370967741935484
2010-01-04,1.3,0:17:00,13.076923076923077
2010-01-05,2.6,0:28:00,10.769230769230768
2010-01-07,2.6,0:28:00,10.769230769230768
2010-01-11,1.3,,
2010-01-14,2.6,0:26:00,10.0
2010-01-16,4.05,0:35:48,8.839506172839508
2010-01-19,2.6,0:24:00,9.23076923076923
2010-01-25,2.66,0:24:15,9.11654135338346
2010-01-26,2.6,0:24:19,9.352564102564104
2010-01-28,3.27,0:26:29,8.09887869520897
2010-02-04,2.6,0:24:03,9.25
2010-02-11,2.6,,
2010-02-16,2.6,0:22:04,8.487179487179487
2010-02-18,2.6,0:22:56,8.82051282051282
2010-03-13,3.0,0:29:28,9.822222222222223
2010-03-15,3.0,0:28:00,9.333333333333334
2010-03-16,3.0,0:30:00,10.0
2010-04-04,2.6,0:22:02,8.474358974358974
2010-04-24,3.1,0:24:12,7.806451612903226
2010-05-02,3.75,0:42:04,11.217777777777778
2010-05-11,2.6,0:22:10,8.525641025641026
2010-05-13,2.13,0:21:00,9.859154929577466
2010-05-19,2.6,0:20:15,7.788461538461537
2010-05-20,3.3,,
2010-05-22,4.05,0:37:34,9.275720164609053
2010-05-25,4.3,0:33:48,7.86046511627907
2010-05-27,5.4,0:38:58,7.216049382716049
2010-05-29,2.6,0:22:25,8.62179487179487
2010-06-03,4.05,0:36:50,9.094650205761317
2010-06-08,5.4,0:37:30,6.944444444444444
2010-06-09,1.5,0:17:00,11.333333333333334
2010-06-10,4.5,0:34:22,7.637037037037037
2010-06-13,2.6,0:23:36,9.076923076923077
2010-06-15,4.3,0:34:31,8.027131782945737
2010-06-16,4.5,,
2010-06-17,5.3,0:42:20,7.987421383647799
2010-06-20,2.88,,
2010-06-21,4.0,0:35:00,8.75
2010-06-22,2.6,0:25:34,9.833333333333334
2010-06-23,2.5,,
2010-06-25,5.7,0:53:19,9.353801169590643
2010-06-27,3.95,0:40:00,10.126582278481012
2010-07-06,2.94,,
2010-07-08,4.3,0:38:29,8.949612403100776
2010-07-11,4.05,0:35:58,8.880658436213992
2010-07-13,4.05,0:33:59,8.390946502057613
2010-07-15,2.6,0:18:58,7.294871794871795
2010-07-17,5.3,0:49:44,9.383647798742139
2010-07-20,4.78,,
2010-07-21,4.65,,
2010-07-22,1.34,,
2010-07-23,6.2,0:52:42,8.5
2010-07-27,2.28,0:16:13,7.112573099415205
2010-08-02,5.1,,
2010-08-03,1.54,,
2010-08-04,4.88,,
2010-08-05,1.01,,
2010-08-06,5.75,0:53:34,9.315942028985507
2010-08-09,5.14,0:39:49,7.746433203631648
2010-08-10,0.66,,
2010-08-11,3.07,,
2010-08-13,6.06,,
2010-08-16,4.0,,
2010-08-17,1.54,,
2010-08-18,3.9,,
2010-08-20,3.1,0:20:59,6.768817204301075
2010-08-23,2.0,,
2010-08-24,3.1,0:21:15,6.854838709677419
2010-08-26,5.5,,
2010-08-27,6.6,,
2010-08-30,4.6,,
2010-08-31,1.77,,
2010-09-01,3.1,0:21:01,6.779569892473118
2010-09-03,5.75,0:49:03,8.530434782608696
2010-09-06,4.05,0:30:33,7.5432098765432105
2010-09-07,1.98,,
2010-09-09,3.0,0:20:11,6.727777777777778
2010-09-10,5.15,,
2010-09-13,3.1,0:21:10,6.827956989247312
2010-09-16,6.0,,
2010-09-18,3.1,0:19:27,6.274193548387097
2010-09-20,5.1,,
2010-09-21,3.1,0:20:26,6.591397849462366
2010-09-23,1.1,,
2010-09-24,5.15,,
2010-09-26,4.4,0:37:00,8.409090909090908
2010-09-27,5.9,0:47:30,8.050847457627118
2010-09-28,1.54,,
2010-09-29,4.0,0:32:00,8.0
2010-09-30,0.88,,
2010-10-02,3.1,0:19:39,6.338709677419355
2010-10-04,6.2,,
2010-10-05,3.08,,
2010-10-07,3.1,0:19:42,6.354838709677419
2010-10-08,3.15,,
2010-10-11,3.4,,
2010-10-12,2.75,,
2010-10-15,3.1,0:19:57,6.435483870967742
2010-10-18,4.05,0:36:07,8.91769547325103
2010-10-19,2.54,,
2010-10-21,3.68,,
2010-10-22,5.66,0:40:49,7.2114252061248525
2010-10-24,4.05,0:31:35,7.798353909465021
2010-10-27,1.16,,
2010-10-28,1.2,,
2010-10-29,3.1,0:19:01,6.134408602150538
2010-11-02,2.33,0:14:20,6.1516452074391985
2010-11-03,2.7,,
2010-11-18,2.33,0:17:45,7.618025751072961
2010-11-23,4.05,0:28:21,7.0
2010-11-24,4.11,0:30:06,7.323600973236009
2010-11-25,4.16,0:32:25,7.792467948717948
2010-11-27,4.27,0:35:39,8.348946135831381
2010-11-30,2.25,0:16:31,7.340740740740741
2010-12-03,3.16,0:24:36,7.784810126582277
2010-12-07,2.6,0:18:27,7.096153846153846
2010-12-14,2.9,0:21:20,7.356321839080461
2010-12-18,3.1,0:25:00,8.064516129032258
2010-12-22,2.03,0:17:19,8.530377668308704
2010-12-23,4.05,0:31:33,7.790123456790124
2010-12-24,2.0,0:21:00,10.5
2010-12-30,5.1,0:42:42,8.372549019607844
2011-01-04,3.1,0:22:32,7.268817204301075
2011-01-07,3.1,0:24:18,7.838709677419355
2011-01-13,3.1,0:23:00,7.419354838709677
2011-01-17,4.2,0:36:30,8.690476190476192
2011-01-18,3.05,0:22:19,7.316939890710383
2011-01-22,3.75,,
2011-01-25,3.3,0:24:17,7.358585858585859
2011-02-01,2.95,0:21:58,7.446327683615819
2011-02-04,4.05,0:31:14,7.711934156378601
2011-02-05,3.75,,
2011-02-10,3.0,0:24:33,8.183333333333334
2011-02-11,3.06,0:22:33,7.369281045751634
2011-02-13,3.1,0:19:59,6.446236559139785
2011-02-21,4.2,0:35:57,8.559523809523808
2011-03-13,2.18,0:19:17,8.845565749235474
2011-04-02,3.2,0:23:17,7.276041666666667
2011-04-16,3.0,0:23:06,7.7
2011-04-19,3.0,0:32:50,10.944444444444445
2011-05-27,3.0,0:22:03,7.35
2011-05-31,3.0,0:25:29,8.494444444444445
2011-06-03,4.0,0:32:51,8.2125
2011-06-06,3.0,0:24:54,8.3
2011-06-08,4.1,0:34:30,8.414634146341465
2011-06-10,3.1,0:21:40,6.989247311827956
2011-06-15,2.6,0:17:39,6.788461538461538
2011-06-17,3.1,0:21:56,7.075268817204301
2011-06-21,3.1,0:22:10,7.150537634408602
2011-06-22,4.1,0:28:33,6.963414634146343
2011-06-24,3.6,0:25:59,7.217592592592593
2011-06-26,4.05,0:31:57,7.888888888888889
2011-06-28,2.5,0:18:07,7.246666666666667
2011-06-29,4.25,0:33:50,7.9607843137254894
2011-07-04,4.1,0:29:59,7.313008130081301
2011-07-05,3.1,0:23:06,7.451612903225806
2011-07-08,2.82,0:20:11,7.157210401891253
2011-07-12,3.35,0:24:10,7.213930348258706
2011-07-13,3.6,0:29:59,8.328703703703704
2011-07-16,4.34,,
2011-07-20,3.5,0:31:14,8.923809523809524
2011-07-22,3.2,0:27:01,8.442708333333334
2011-07-25,3.2,0:28:57,9.046875
2011-08-01,1.45,,
2011-08-08,1.25,,
2011-08-10,2.35,,
2011-08-15,3.36,0:23:34,7.013888888888889
2011-08-16,3.54,,
2011-08-17,1.1,0:6:41,6.075757575757575
2011-08-18,3.1,0:20:38,6.655913978494623
2011-08-19,5.0,,
2011-08-21,4.1,0:30:38,7.471544715447155
2011-08-23,5.1,,
2011-08-25,2.15,,
2011-08-26,1.0,0:6:32,6.533333333333333
2011-08-28,6.3,0:47:27,7.5317460317460325
2011-08-29,6.0,,
2011-08-30,5.8,,
2011-09-01,2.31,0:16:06,6.96969696969697
2011-09-02,3.1,0:19:31,6.295698924731183
2011-09-05,6.05,0:46:32,7.691460055096418
2011-09-06,5.8,0:42:06,7.258620689655173
2011-09-07,1.1,0:6:46,6.151515151515151
2011-09-08,3.1,0:18:27,5.951612903225806
2011-09-09,2.9,,
2011-09-11,4.05,,
2011-09-12,3.1,0:19:42,6.354838709677419
2011-09-13,5.65,0:46:10,8.171091445427727
2011-09-15,4.6,0:33:03,7.184782608695653
2011-09-16,1.32,0:9:13,6.982323232323233
2011-09-17,3.1,0:18:07,5.844086021505376
2011-09-19,1.1,0:6:11,5.621212121212121
2011-09-19,7.94,0:57:41,7.2649034424853065
2011-09-20,6.15,0:42:18,6.878048780487805
2011-09-22,4.26,0:28:19,6.647104851330203
2011-09-23,3.1,0:19:02,6.139784946236559
2011-09-25,5.1,0:40:03,7.852941176470589
2011-09-26,4.73,0:28:28,6.0183227625088085
2011-09-27,3.1,0:18:47,6.059139784946237
2011-09-29,5.3,0:38:54,7.339622641509434
2011-09-30,5.8,0:39:53,6.876436781609196
2011-10-02,4.26,0:29:57,7.030516431924883
2011-10-03,8.33,0:58:33,7.028811524609845
2011-10-04,3.1,0:18:39,6.016129032258064
2011-10-06,5.8,0:40:58,7.063218390804598
2011-10-07,3.1,0:18:31,5.973118279569892
2011-10-09,8.2,0:58:15,7.103658536585367
2011-10-10,7.93,0:57:09,7.206809583858765
2011-10-11,5.8,0:39:39,6.836206896551725
2011-10-12,2.9,0:18:19,6.316091954022989
2011-10-14,3.1,0:18:05,5.833333333333333
2011-10-17,5.57,0:39:43,7.130460801915021
2011-10-18,8.7,0:58:39,6.741379310344828
2011-10-19,3.1,0:18:46,6.053763440860214
2011-10-21,5.52,0:39:52,7.222222222222223
2011-10-23,4.05,0:28:17,6.983539094650206
2011-10-24,4.09,0:29:44,7.269763651181744
2011-10-25,2.9,0:19:08,6.597701149425288
2011-10-26,2.26,0:13:24,5.92920353982301
2011-10-28,3.1,0:17:45,5.725806451612903
2011-11-04,4.0,0:27:06,6.775
2011-11-06,4.05,0:27:50,6.872427983539095
2011-11-08,4.0,0:26:33,6.6375
2011-11-09,3.9,0:24:51,6.371794871794872
2011-11-12,4.0,,
2011-11-13,4.05,0:29:17,7.23045267489712
2011-11-14,1.1,0:6:01,5.469696969696969
2011-11-15,4.0,0:26:58,6.741666666666666
2011-11-16,4.0,0:28:47,7.195833333333334
2011-11-17,6.0,0:41:55,6.986111111111112
2011-11-19,3.1,0:17:42,5.709677419354838
2011-11-22,5.1,0:37:43,7.395424836601308
2011-11-24,2.12,0:12:35,5.935534591194968
2011-11-28,4.0,0:28:54,7.225
2011-11-29,4.2,0:30:42,7.309523809523809
2011-11-30,6.92,0:49:58,7.220616570327553
2011-12-03,4.05,0:31:06,7.679012345679013
2011-12-04,8.2,1:03:32,7.747967479674798
2011-12-06,4.2,0:30:00,7.142857142857142
2011-12-07,6.0,0:42:57,7.158333333333333
2011-12-10,3.25,,
2011-12-12,4.2,0:29:56,7.1269841269841265
2011-12-13,4.1,0:28:31,6.955284552845529
2011-12-14,6.47,0:46:58,7.259144770736734
2011-12-16,6.0,0:43:14,7.205555555555555
2011-12-18,8.2,1:04:08,7.821138211382115
2011-12-20,5.0,0:33:50,6.766666666666667
2011-12-21,4.1,0:29:04,7.089430894308944
2011-12-22,4.07,0:29:35,7.268632268632269
2011-12-24,9.2,1:11:05,7.726449275362319
2011-12-27,8.2,1:00:49,7.416666666666668
2011-12-29,4.2,0:30:58,7.373015873015873
2011-12-30,6.1,0:49:18,8.081967213114755
2012-01-01,3.1,0:19:05,6.155913978494623
2012-01-08,4.1,0:33:34,8.1869918699187
2012-01-10,5.0,0:36:27,7.29
2012-01-13,3.1,0:19:58,6.440860215053763
2012-01-14,5.6,0:39:08,6.988095238095239
2012-01-16,5.0,0:32:52,6.573333333333333
2012-01-18,3.7,0:26:44,7.225225225225225
2012-01-21,7.35,0:53:48,7.319727891156463
2012-01-24,4.25,0:29:14,6.878431372549019
2012-02-04,4.1,0:32:00,7.8048780487804885
2012-02-08,4.4,0:35:22,8.037878787878787
2012-02-11,4.05,0:31:43,7.8312757201646095
2012-02-12,1.08,0:6:37,6.126543209876543
2012-02-18,4.1,0:31:30,7.682926829268293
2012-02-23,4.1,0:33:14,8.105691056910569
2012-02-24,4.1,0:33:16,8.113821138211383
2012-03-03,4.25,0:31:10,7.333333333333333
2012-03-12,2.0,0:13:13,6.608333333333333
2012-03-18,4.1,0:30:49,7.516260162601626
2012-03-25,4.1,0:31:30,7.682926829268293
2012-03-27,3.1,0:24:53,8.026881720430108
2012-04-01,4.28,0:32:26,7.577881619937695
2012-04-03,4.6,0:32:33,7.076086956521739
2012-04-05,4.1,0:32:22,7.894308943089431
2012-04-05,4.28,0:29:22,6.861370716510903
2012-04-09,4.1,0:31:00,7.560975609756098
2012-04-13,4.1,0:31:15,7.621951219512196
2012-04-15,4.1,0:32:18,7.878048780487806
2012-04-19,4.1,0:32:49,8.004065040650408
2012-04-21,4.1,0:29:32,7.203252032520326
2012-04-22,4.77,0:36:26,7.638015373864431
2012-04-26,4.1,0:31:27,7.670731707317074
2012-04-28,4.1,0:31:00,7.560975609756098
2012-04-29,4.29,0:29:46,6.938616938616939
2012-05-06,4.1,0:30:05,7.337398373983741
2012-05-08,4.1,0:30:44,7.4959349593495945
2012-05-09,4.1,0:32:29,7.922764227642277
2012-05-13,4.44,0:35:18,7.950450450450449
2012-05-15,4.1,0:28:55,7.0528455284552845
2012-05-18,4.1,0:28:58,7.065040650406504
2012-05-20,6.15,0:47:13,7.677506775067751
2012-05-22,4.1,0:31:09,7.597560975609756
2012-05-25,6.15,0:46:34,7.571815718157181
2012-05-29,4.25,0:30:19,7.133333333333334
2012-05-31,4.1,0:29:44,7.252032520325204
2012-06-02,4.5,,
2012-06-05,4.36,0:30:14,6.934250764525994
2012-06-07,4.1,0:31:54,7.7804878048780495
2012-06-09,3.1,0:17:42,5.709677419354838
2012-06-12,2.38,0:20:01,8.410364145658264
2012-06-14,3.1,0:20:39,6.661290322580645
2012-06-15,3.75,0:26:41,7.115555555555556
2012-06-16,4.25,,
2012-06-19,4.75,0:37:42,7.936842105263158
2012-06-20,1.5,0:10:20,6.888888888888888
2012-06-22,3.75,0:29:28,7.857777777777778
2012-06-23,4.0,,
2012-06-26,3.6,0:29:58,8.324074074074074
2012-06-28,5.53,0:42:00,7.594936708860759
2012-06-29,3.65,0:28:42,7.863013698630137
2012-07-09,3.41,0:26:27,7.7565982404692075
2012-07-11,3.87,0:31:29,8.135228251507321
2012-07-13,5.75,0:42:18,7.356521739130434
2012-07-14,4.5,,
2012-07-16,6.0,0:47:21,7.891666666666667
2012-07-18,5.4,0:38:11,7.070987654320987
2012-07-20,4.39,0:35:46,8.147304479878512
2012-07-21,3.5,,
2012-07-23,4.28,0:32:16,7.538940809968847
2012-07-23,3.53,,
2012-07-24,4.09,0:38:04,9.307253463732682
2012-07-26,4.55,0:37:16,8.190476190476192
2012-07-27,2.88,0:21:11,7.355324074074074
2012-07-27,3.3,,
2012-07-30,2.4,,
2012-07-31,5.14,,
2012-08-01,6.9,0:54:49,7.944444444444444
2012-08-02,5.09,0:44:14,8.690242305173543
2012-08-03,5.33,0:42:06,7.898686679174484
2012-08-03,3.88,0:27:01,6.963058419243987
2012-08-04,6.18,0:50:00,8.090614886731393
2012-08-06,7.0,0:50:32,7.219047619047619
2012-08-07,6.71,0:52:46,7.8638847491306505
2012-08-08,8.1,,
2012-08-09,6.6,0:49:22,7.47979797979798
2012-08-10,6.75,0:52:15,7.740740740740741
2012-08-11,4.1,0:34:09,8.329268292682928
2012-08-13,7.07,0:53:02,7.501178689297501
2012-08-14,4.1,0:33:39,8.207317073170733
2012-08-15,3.62,0:32:56,9.097605893186003
2012-08-16,3.1,0:17:48,5.741935483870967
2012-08-18,6.2,0:51:55,8.373655913978494
2012-08-20,7.35,0:52:20,7.120181405895692
2012-08-21,5.34,0:37:05,6.944444444444445
2012-08-22,4.77,0:42:57,9.004192872117402
2012-08-23,3.1,0:17:56,5.784946236559139
2012-08-25,6.4,0:49:46,7.776041666666667
2012-08-27,7.31,,
2012-08-28,6.33,0:53:02,8.37809373354397
2012-08-29,1.3,,
2012-08-30,3.25,0:25:29,7.841025641025641
2012-09-01,4.3,0:43:31,10.120155038759691
2012-09-03,5.0,0:39:41,7.9366666666666665
2012-09-04,5.5,0:37:53,6.887878787878788
2012-09-05,3.1,0:18:00,5.806451612903226
2012-09-06,2.45,0:19:54,8.122448979591836
2012-09-07,5.43,0:46:47,8.615715162676489
2012-09-10,3.1,0:18:13,5.876344086021505
2012-09-11,6.63,0:52:51,7.971342383107089
2012-09-12,3.1,0:18:04,5.827956989247312
2012-09-15,3.1,0:18:08,5.849462365591397
2012-09-17,5.87,0:39:58,6.808631459398069
2012-09-19,6.07,0:49:08,8.094453596924767
2012-09-20,3.4,0:27:22,8.049019607843137
2012-09-21,3.1,0:17:39,5.693548387096774
2012-09-22,3.1,0:17:26,5.623655913978495
2012-09-24,2.5,0:17:01,6.806666666666667
2012-09-25,3.1,0:18:12,5.870967741935484
2012-09-26,8.23,1:11:07,8.641150263264478
2012-09-28,3.1,0:23:59,7.736559139784946
2012-09-29,6.0,0:44:17,7.3805555555555555
2012-10-01,10.3,1:08:06,6.611650485436893
2012-10-02,3.1,0:18:35,5.994623655913979
2012-10-03,3.65,0:28:27,7.794520547945206
2012-10-05,4.43,0:32:23,7.310007524454478
2012-10-07,3.1,0:22:33,7.274193548387097
2012-10-10,7.26,0:47:29,6.540404040404041
2012-10-11,3.1,0:17:12,5.548387096774193
2012-10-12,3.1,0:16:58,5.473118279569892
2012-10-15,2.93,0:21:47,7.4345847554038675
2012-10-16,3.1,0:17:26,5.623655913978495
2012-10-18,1.83,0:12:34,6.867030965391621
2012-10-19,3.1,0:17:26,5.623655913978495
2012-10-22,4.93,0:35:10,7.133198106828939
2012-10-23,5.32,0:36:01,6.770050125313284
2012-10-24,4.91,0:34:40,7.060420909708079
2012-10-25,1.68,0:13:05,7.787698412698413
2012-10-26,3.1,0:17:04,5.505376344086021
2012-10-28,4.1,0:31:41,7.727642276422765
2012-11-04,5.1,0:38:49,7.611111111111112
2012-11-08,3.25,0:22:39,6.9692307692307685
2012-11-11,4.2,0:34:25,8.194444444444445
2012-11-12,2.2,0:16:19,7.416666666666666
2012-11-12,3.36,0:23:14,6.91468253968254
2012-11-15,3.95,0:29:59,7.590717299578059
2012-11-17,3.1,0:17:59,5.801075268817204
2012-11-28,1.0,0:6:00,6.0
2012-11-29,3.6,0:27:17,7.578703703703704
2012-12-01,5.22,0:41:57,8.036398467432951
2012-12-03,4.09,0:29:50,7.294213528932356
2012-12-04,5.26,0:36:27,6.929657794676806
2012-12-08,7.1,0:53:31,7.53755868544601
2012-12-11,5.26,0:37:30,7.129277566539924
2012-12-13,4.08,0:28:12,6.911764705882352
2012-12-14,3.15,0:28:30,9.047619047619047
2012-12-15,3.1,0:18:01,5.811827956989247
2012-12-18,4.76,,
2012-12-20,5.33,0:39:21,7.382739212007505
2012-12-30,4.47,0:35:22,7.912005965697242
2013-01-01,4.23,0:31:19,7.403467297084318
2013-01-05,5.09,0:43:38,8.57236411263916
2013-01-08,4.25,0:36:51,8.670588235294117
2013-01-10,3.3,0:25:30,7.727272727272728
2013-01-12,1.0,0:5:39,5.65
2013-01-13,3.1,0:18:53,6.091397849462366
2013-01-18,1.0,,
2013-01-20,6.0,,
2013-01-21,4.2,0:34:23,8.186507936507935
2013-01-24,3.1,0:24:47,7.994623655913979
2013-01-28,4.22,0:36:51,8.73222748815166
2013-01-29,2.13,0:21:26,10.062597809076683
2013-01-31,3.4,0:24:22,7.166666666666667
2013-02-05,4.15,0:33:28,8.064257028112449
2013-02-07,3.14,0:24:12,7.707006369426751
2013-02-20,5.5,0:54:44,9.951515151515151
2013-03-03,3.75,,
2013-03-10,7.9,1:08:26,8.662447257383967
2013-03-13,2.75,0:19:14,6.993939393939394
2013-03-17,7.33,1:03:52,8.713051386994088
2013-03-20,3.62,0:28:05,7.757826887661142
2013-03-23,5.2,0:46:29,8.939102564102564
2013-03-26,5.0,0:43:47,8.756666666666666
2013-04-01,7.0,1:00:36,8.657142857142857
2013-04-06,4.3,0:40:39,9.453488372093025
2013-04-07,3.62,0:25:23,7.011970534069982
2013-04-11,4.18,0:35:32,8.500797448165871
2013-04-17,1.12,0:9:00,8.035714285714285
2013-04-21,3.62,0:26:36,7.348066298342541
2013-04-28,5.66,0:43:57,7.765017667844522
2013-05-05,5.2,0:45:59,8.842948717948719
2013-05-12,5.2,0:50:12,9.653846153846153
2013-05-18,2.04,0:17:29,8.570261437908497
2013-05-21,3.62,0:26:16,7.2559852670349905
2013-05-24,4.22,0:36:24,8.625592417061613
2013-05-26,3.62,0:24:59,6.901473296500921
2013-05-29,3.4,0:26:27,7.779411764705882
2013-06-09,3.98,0:36:05,9.066164154103854
2013-06-12,3.1,0:25:28,8.21505376344086
2013-06-13,1.26,,
2013-06-14,5.8,0:44:20,7.64367816091954
2013-06-15,4.97,0:42:45,8.601609657947686
2013-06-17,2.62,0:22:46,8.689567430025445
2013-06-19,3.91,0:31:33,8.069053708439897
2013-06-21,2.81,0:23:32,8.374851720047449
2013-06-23,4.97,0:41:23,8.326626425217976
2013-06-24,5.08,0:42:49,8.428477690288714
2013-06-26,4.78,0:36:17,7.5906555090655505
2013-06-28,2.81,0:23:24,8.327402135231317
2013-06-29,5.55,0:39:39,7.1441441441441444
2013-07-01,3.05,0:26:38,8.73224043715847
2013-07-02,3.91,0:29:59,7.668371696504689
2013-07-03,5.06,0:40:51,8.07312252964427
2013-07-08,1.0,,
2013-07-12,3.34,0:49:52,14.930139720558882
2013-07-15,4.89,0:40:36,8.302658486707568
2013-07-16,1.7,0:10:38,6.254901960784314
2013-07-17,4.84,0:35:59,7.434573002754821
2013-07-19,3.1,0:26:55,8.682795698924732
2013-07-20,5.55,0:41:55,7.5525525525525525
2013-07-22,5.06,0:39:10,7.740447957839263
2013-07-22,4.27,,
2013-07-23,1.7,0:10:18,6.058823529411765
2013-07-24,6.2,0:46:52,7.559139784946237
2013-07-24,1.55,,
2013-07-26,5.76,0:44:23,7.705439814814815
2013-07-26,3.03,,
2013-07-29,4.24,,
2013-07-30,1.7,0:9:57,5.852941176470589
2013-07-31,5.67,0:46:25,8.186360964138741
2013-07-31,4.19,,
2013-08-01,4.55,0:32:13,7.080586080586081
2013-08-02,2.81,0:23:11,8.2502965599051
2013-08-03,3.1,0:17:55,5.779569892473118
2013-08-05,3.88,0:24:20,6.2714776632302405
2013-08-06,5.0,0:36:38,7.326666666666667
2013-08-08,3.17,,
2013-08-08,5.37,,
2013-08-09,6.8,1:07:51,9.977941176470589
2013-08-12,5.83,0:39:48,6.826758147512864
2013-08-13,1.7,0:14:10,8.333333333333334
2013-08-13,4.64,0:31:50,6.860632183908047
2013-08-14,5.1,,
2013-08-15,5.1,0:42:40,8.366013071895425
2013-08-16,4.19,0:27:51,6.6467780429594265
2013-08-18,5.69,0:40:50,7.176332747510252
2013-08-19,4.43,0:36:36,8.261851015801355
2013-08-20,3.1,0:17:52,5.763440860215054
2013-08-21,2.12,0:16:31,7.7908805031446535
2013-08-22,6.8,0:57:49,8.502450980392158
2013-08-23,3.1,0:19:50,6.397849462365591
2013-08-26,4.82,0:39:26,8.18118948824343
2013-08-27,5.31,0:40:35,7.642812303829254
2013-08-28,7.0,0:47:28,6.780952380952381
2013-08-29,4.55,0:29:46,6.542124542124542
2013-08-30,6.36,0:56:03,8.812893081761006
2013-09-01,3.62,0:26:28,7.3112338858195205
2013-09-02,4.3,0:37:42,8.767441860465116
2013-09-03,5.96,0:46:13,7.754474272930649
2013-09-04,3.1,0:17:32,5.655913978494624
2013-09-05,2.2,0:18:00,8.181818181818182
2013-09-06,6.0,0:43:11,7.197222222222222
2013-09-09,6.16,0:43:21,7.037337662337662
2013-09-10,3.1,0:17:53,5.768817204301075
2013-09-12,3.1,0:17:29,5.639784946236559
2013-09-13,2.18,0:16:36,7.614678899082568
2013-09-14,6.2,0:39:53,6.432795698924731
2013-09-16,6.26,0:56:53,9.086794462193824
2013-09-17,8.27,1:00:35,7.325675130995567
2013-09-19,3.1,0:17:03,5.5
2013-09-20,2.66,0:21:06,7.932330827067669
2013-09-21,3.1,0:16:46,5.408602150537634
2013-09-23,6.61,0:45:12,6.838124054462935
2013-09-26,3.1,0:17:39,5.693548387096774
2013-09-27,5.66,0:44:34,7.87396937573616
2013-09-29,3.63,0:23:57,6.597796143250689
2013-09-30,7.13,0:48:10,6.7554932211313705
2013-10-01,3.1,0:17:27,5.629032258064516
2013-10-02,7.56,0:54:42,7.235449735449736
2013-10-03,8.72,1:12:36,8.325688073394495
2013-10-04,7.38,0:52:23,7.098012646793135
2013-10-06,6.58,0:48:50,7.421479229989869
2013-10-08,3.56,0:29:54,8.398876404494382
2013-10-09,3.1,0:17:12,5.548387096774193
2013-10-10,5.79,0:41:56,7.24237190558434
2013-10-11,7.47,0:47:24,6.3453815261044175
2013-10-13,3.62,0:25:38,7.081031307550645
2013-10-14,5.38,0:44:33,8.280669144981413
2013-10-15,3.41,0:33:48,9.912023460410557
2013-10-16,2.65,0:18:47,7.088050314465409
2013-10-17,3.65,0:27:00,7.397260273972603
2013-10-18,1.35,0:8:56,6.617283950617283
2013-10-18,3.1,0:17:35,5.672043010752688
2013-10-19,3.1,0:22:27,7.241935483870967
2013-10-20,4.77,0:34:33,7.2431865828092254
2013-10-22,2.87,0:24:35,8.56562137049942
2013-10-23,3.3,0:23:49,7.217171717171718
2013-10-24,2.85,0:19:02,6.678362573099415
2013-10-25,1.31,,
2013-10-25,3.1,0:16:27,5.306451612903226
2013-10-29,3.77,0:27:21,7.254641909814324
2013-10-31,3.62,0:23:25,6.468692449355433
2013-11-01,5.73,0:42:32,7.422920302501454
2013-11-03,9.12,1:07:14,7.372076023391814
2013-11-04,3.62,0:24:33,6.781767955801104
2013-11-05,5.89,0:37:33,6.375212224108659
2013-11-07,3.94,0:25:04,6.362098138747885
2013-11-09,2.07,0:14:40,7.085346215780999
2013-11-10,3.1,0:16:55,5.456989247311828
2013-11-12,5.44,0:41:24,7.610294117647058
2013-11-13,3.62,0:24:20,6.721915285451197
2013-11-14,5.59,0:36:56,6.607036374478236
2013-11-17,9.16,1:07:12,7.336244541484716
2013-11-18,3.05,0:22:28,7.366120218579236
2013-11-20,5.55,0:40:33,7.306306306306307
2013-11-22,2.05,0:14:03,6.853658536585367
2013-11-23,3.1,0:17:15,5.564516129032258
2013-12-04,5.27,0:46:58,8.912080961416825
2013-12-08,4.16,0:29:36,7.115384615384615
2013-12-09,5.01,0:34:29,6.882900864936793
2013-12-11,5.03,0:40:02,7.958913187541418
2014-01-12,3.71,0:31:54,8.598382749326145
2014-01-14,3.6,0:26:19,7.310185185185185
2014-01-23,5.18,0:44:04,8.507078507078507
2014-01-25,4.97,0:36:32,7.350771294433267
2014-01-26,5.15,0:37:31,7.284789644012944
2014-01-28,5.45,0:38:59,7.152905198776758
2014-01-30,4.01,0:32:06,8.00498753117207
2014-02-01,4.6,0:40:36,8.82608695652174
2014-02-06,3.95,0:29:54,7.5696202531645564
2014-02-08,4.23,0:29:13,6.907013396375097
2014-02-09,4.52,0:28:15,6.250000000000001
2014-02-12,4.04,0:30:18,7.5
2014-02-14,3.02,0:23:51,7.897350993377484
2014-02-15,5.15,0:34:11,6.6375404530744335
2014-02-16,4.01,0:30:00,7.4812967581047385
2014-02-18,3.42,0:24:17,7.1003898635477585
2014-02-19,4.34,0:30:17,6.977726574500768
2014-02-22,4.5,,
2014-02-23,6.39,0:45:35,7.133541992696922
2014-02-25,3.78,0:33:06,8.756613756613756
2014-02-27,3.34,0:22:37,6.771457085828343
2014-03-01,4.28,0:29:35,6.911993769470405
2014-03-02,5.36,0:37:01,6.906094527363184
2014-03-04,3.96,0:26:31,6.696127946127946
2014-03-07,4.11,0:29:51,7.262773722627737
2014-03-09,3.28,0:21:54,6.676829268292683
2014-03-10,3.36,0:23:31,6.999007936507937
2014-03-11,4.24,0:35:50,8.45125786163522
2014-03-15,2.74,0:22:45,8.302919708029197
2014-03-16,6.0,0:40:03,6.675
2014-03-18,3.44,0:30:46,8.943798449612403
2014-03-20,4.12,0:27:32,6.682847896440129
2014-03-22,5.35,0:35:54,6.710280373831776
2014-03-23,4.31,0:29:19,6.80201082753287
2014-03-26,3.84,0:28:13,7.348090277777778
2014-03-27,4.66,0:43:58,9.434907010014307
2014-03-30,4.99,0:34:38,6.9405477621910485
2014-04-01,5.07,0:44:51,8.846153846153845
2014-04-04,4.44,0:31:54,7.184684684684684
2014-04-16,4.11,0:36:27,8.86861313868613
2014-04-17,3.87,0:27:14,7.037037037037037
2014-04-19,6.2,0:42:14,6.811827956989247
2014-04-22,5.69,0:48:54,8.59402460456942
2014-04-24,4.69,0:37:00,7.88912579957356
2014-04-26,4.01,0:27:42,6.907730673316708
2014-04-27,5.69,0:41:50,7.352079671939074
2014-04-29,4.07,0:32:04,7.878787878787878
2014-05-01,6.0,0:47:14,7.872222222222222
2014-05-03,4.0,0:29:41,7.420833333333333
2014-05-04,7.37,0:51:46,7.0239710538218
2014-05-06,4.06,0:31:52,7.848932676518884
2014-05-07,4.2,0:30:25,7.242063492063492
2014-05-08,5.88,0:50:15,8.545918367346939
2014-05-10,3.1,0:18:47,6.059139784946237
2014-05-10,2.82,,
2014-05-11,2.96,0:23:14,7.8490990990990985
2014-05-13,4.0,0:29:32,7.383333333333334
2014-05-14,4.28,0:33:32,7.834890965732087
2014-05-17,5.03,,
2014-05-18,3.54,0:25:07,7.095103578154426
2014-05-20,4.21,0:30:12,7.173396674584323
2014-05-24,4.31,0:30:21,7.041763341067286
2014-05-25,4.57,0:33:29,7.326768781911014
2014-05-26,5.0,0:35:36,7.12
2014-05-28,3.8,0:26:17,6.916666666666667
2014-05-29,4.01,0:31:01,7.734829592684955
2014-05-31,2.93,0:17:53,6.103526734926052
2014-06-02,4.72,0:34:34,7.323446327683616
2014-06-03,3.5,0:26:00,7.428571428571429
2014-06-03,3.25,0:23:12,7.138461538461539
2014-06-05,4.01,0:31:29,7.85120532003325
2014-06-06,7.16,0:51:19,7.167132216014897
2014-06-08,6.61,0:45:53,6.94150277357539
2014-06-09,3.75,0:31:14,8.328888888888889
2014-06-11,3.1,0:22:33,7.274193548387097
2014-06-12,4.08,0:28:24,6.9607843137254894
2014-06-16,4.51,0:34:15,7.594235033259424
2014-06-18,4.08,0:27:59,6.858660130718954
2014-06-20,7.17,0:56:06,7.824267782426778
2014-06-23,5.14,0:39:16,7.639429312581064
2014-06-25,5.3,0:39:02,7.364779874213837
2014-06-27,5.16,0:41:56,8.126614987080103
2014-06-28,3.1,0:18:55,6.102150537634409
2014-06-29,3.1,0:22:56,7.397849462365591
2014-06-30,4.06,0:33:10,8.16912972085386
2014-06-30,4.5,,
2014-07-02,4.95,0:37:55,7.65993265993266
2014-07-04,4.99,0:33:14,6.659986639946559
2014-07-06,4.16,0:28:39,6.88701923076923
2014-07-07,4.4,0:34:08,7.757575757575757
2014-07-08,4.57,,
2014-07-09,3.1,0:27:28,8.860215053763442
2014-07-11,6.02,,
2014-07-12,1.86,0:10:48,5.806451612903226
2014-07-12,2.52,,
2014-07-13,4.04,0:30:02,7.4339933993399345
2014-07-14,4.4,0:41:20,9.393939393939394
2014-07-16,4.13,,
2014-07-16,1.0,0:4:59,4.983333333333333
2014-07-16,0.5,0:2:15,4.5
2014-07-16,1.75,,
2014-07-17,5.01,,
2014-07-18,5.27,0:55:23,10.509171410499684
2014-07-21,4.24,0:38:59,9.194182389937106
2014-07-22,4.16,,
2014-07-23,4.85,0:42:32,8.769759450171822
2014-07-23,5.21,,
2014-07-24,4.48,0:35:26,7.90922619047619
2014-07-25,3.4,0:28:29,8.377450980392158
2014-07-26,6.63,0:45:55,6.925590749120161
2014-07-27,8.3,1:05:24,7.879518072289156
2014-07-29,5.56,0:41:57,7.544964028776978
2014-07-30,4.21,0:35:24,8.408551068883611
2014-07-31,5.93,0:41:46,7.043282743114109
2014-08-01,2.83,0:24:20,8.598351001177857
2014-08-01,1.86,0:10:01,5.385304659498208
2014-08-01,1.67,,
2014-08-02,4.25,,
2014-08-03,4.15,,
2014-08-05,7.02,1:03:25,9.033713200379868
2014-08-06,6.63,1:01:08,9.22071392659628
2014-08-07,3.07,0:29:49,9.71226927252986
2014-08-08,7.3,1:02:36,8.575342465753426
2014-08-11,4.7,,
2014-08-12,4.18,,
2014-08-13,7.2,1:03:13,8.780092592592592
2014-08-14,3.53,0:28:31,8.07837582625118
2014-08-15,4.14,0:32:55,7.950885668276973
2014-08-17,5.09,0:41:15,8.104125736738704
2014-08-18,4.97,0:35:34,7.156270959087861
2014-08-19,3.36,0:21:47,6.483134920634921
2014-08-20,5.31,0:48:46,9.183929692404268
2014-08-21,2.28,,
2014-08-22,4.34,0:34:16,7.895545314900153
2014-08-24,5.01,0:36:30,7.285429141716567
2014-08-25,4.47,0:32:11,7.199850857568978
2014-08-25,2.51,0:19:31,7.775564409030546
2014-08-26,3.1,0:17:56,5.784946236559139
2014-08-28,3.04,0:22:35,7.428728070175438
2014-08-29,2.79,0:19:58,7.156511350059737
2014-08-30,1.5,0:11:27,7.633333333333334
2014-08-30,3.1,0:16:55,5.456989247311828
2014-09-01,5.38,0:39:59,7.431846344485749
2014-09-02,1.91,0:10:49,5.663176265270506
2014-09-04,5.01,0:37:49,7.548236859614105
2014-09-06,4.39,0:42:55,9.776006074411542
2014-09-07,6.13,0:45:14,7.379010331702012
2014-09-08,6.06,0:41:14,6.804180418041805
2014-09-09,3.1,0:17:31,5.650537634408602
2014-09-10,5.14,0:35:16,6.8612191958495465
2014-09-11,4.21,0:31:21,7.446555819477435
2014-09-12,6.77,0:44:16,6.53865091088134
2014-09-15,5.01,0:35:31,7.08915502328676
2014-09-16,3.1,0:17:55,5.779569892473118
2014-09-17,2.7,,
2014-09-18,5.53,0:38:31,6.965039180229054
2014-09-19,3.1,0:24:40,7.956989247311827
2014-09-20,3.1,0:16:36,5.354838709677419
2014-09-20,2.88,,
2014-09-20,4.03,,
2014-09-22,7.0,0:52:15,7.4642857142857135
2014-09-23,9.11,1:01:06,6.706915477497256
2014-09-25,6.88,0:48:54,7.107558139534884
2014-09-27,6.2,0:36:40,5.913978494623655
2014-09-28,4.28,0:31:42,7.406542056074766
2014-09-29,6.59,0:49:05,7.448153768335862
2014-09-30,5.17,0:36:44,7.105093488072212
2014-10-02,3.1,0:18:18,5.903225806451613
2014-10-03,2.6,0:24:52,9.564102564102564
2014-10-05,3.1,0:16:31,5.327956989247312
2014-10-06,5.9,0:40:16,6.824858757062146
2014-10-07,2.68,0:21:38,8.072139303482587
2014-10-08,3.98,0:30:43,7.717755443886097
2014-10-08,8.65,1:22:00,9.479768786127169
2014-10-09,3.1,0:16:56,5.46236559139785
2014-10-10,4.05,0:31:13,7.707818930041153
2014-10-13,4.96,0:35:32,7.163978494623655
2014-10-14,3.1,0:18:04,5.827956989247312
2014-10-15,4.92,0:33:57,6.900406504065041
2014-10-16,5.04,0:35:24,7.023809523809524
2014-10-17,2.83,0:19:50,7.008244994110718
2014-10-18,2.92,0:24:48,8.493150684931507
2014-10-20,3.08,0:21:49,7.083333333333333
2014-10-21,4.29,0:30:56,7.21056721056721
2014-10-22,2.73,0:19:17,7.063492063492063
2014-10-23,3.1,0:24:12,7.806451612903226
2014-10-24,1.23,0:11:53,9.661246612466124
2014-10-24,3.1,0:16:43,5.39247311827957
2014-10-27,3.44,0:29:05,8.454457364341085
2014-10-28,4.31,0:33:01,7.6604795050270695
2014-10-30,5.0,0:38:59,7.796666666666667
2014-10-31,5.64,0:39:16,6.962174940898346
2014-11-01,6.03,0:42:04,6.976229961304588
2014-11-02,5.22,,
2014-11-04,4.47,0:34:24,7.695749440715884
2014-11-06,4.4,0:36:04,8.196969696969695
2014-11-08,4.11,0:27:04,6.585563665855636
2014-11-09,6.04,,
2014-11-11,8.16,1:01:25,7.526552287581699
2014-11-13,4.2,0:29:22,6.992063492063492
2014-11-14,2.44,0:18:16,7.486338797814208
2014-11-15,1.99,0:9:56,4.991624790619766
2014-11-16,4.49,0:39:09,8.719376391982182
2014-11-18,7.27,0:53:20,7.336084364970197
2014-11-20,3.31,0:26:19,7.950654582074521
2014-11-21,8.25,1:00:02,7.276767676767677
2014-11-22,4.2,,
2014-11-23,6.18,0:47:46,7.72923408845739
2014-11-25,3.61,0:27:59,7.751615881809788
2014-11-26,3.16,,
2014-11-27,3.0,,
2014-11-28,2.08,0:14:54,7.163461538461538
2014-11-29,3.1,0:16:36,5.354838709677419
2014-12-01,3.01,0:23:02,7.652270210409745
2014-12-04,6.37,0:44:16,6.949241234955521
2014-12-05,4.1,0:31:17,7.630081300813009
2014-12-06,3.2,,
2014-12-07,4.0,0:31:54,7.975
2014-12-08,5.0,,
2014-12-09,3.6,0:27:42,7.694444444444444
2014-12-11,5.15,0:34:21,6.6699029126213585
2014-12-12,5.0,,
2014-12-13,3.1,0:17:27,5.629032258064516
2014-12-13,1.98,,
2014-12-15,6.3,0:46:22,7.35978835978836
2014-12-16,4.58,0:36:59,8.074963609898107
2014-12-18,5.45,0:40:16,7.388379204892966
2014-12-19,7.17,0:52:20,7.2989307298930735
2014-12-20,2.09,0:16:09,7.727272727272728
2014-12-20,1.99,0:10:13,5.134003350083753
2014-12-20,0.89,0:7:13,8.108614232209737
2014-12-22,5.99,0:50:58,8.508625486922648
2014-12-24,3.92,0:30:44,7.840136054421769
2014-12-26,4.29,0:31:52,7.428127428127428
2014-12-27,6.08,0:49:11,8.08936403508772
2014-12-29,3.5,0:24:08,6.895238095238096
2014-12-30,4.25,0:35:43,8.403921568627451
2015-01-03,3.1,0:19:23,6.25268817204301
2015-01-03,1.75,,
2015-01-04,7.38,,
2015-01-05,4.0,0:29:59,7.495833333333334
2015-01-06,4.32,0:32:34,7.53858024691358
2015-01-08,5.9,0:52:39,8.92372881355932
2015-01-09,4.97,0:37:36,7.565392354124749
2015-01-10,4.0,,
2015-01-11,6.82,0:48:26,7.101661779081133
2015-01-13,4.1,0:31:46,7.747967479674798
2015-01-14,3.99,0:28:52,7.234753550543023
2015-01-15,6.0,,
2015-01-16,0.62,0:2:58,4.78494623655914
2015-01-16,1.99,0:10:22,5.209380234505862
2015-01-16,1.82,,
2015-01-17,7.34,1:00:01,8.176657584014531
2015-01-20,3.66,0:25:05,6.853369763205829
2015-01-21,4.1,0:30:42,7.487804878048781
2015-01-22,4.9,0:36:45,7.499999999999999
2015-01-23,5.9,0:50:37,8.579096045197739
2015-01-26,6.0,,
2015-01-27,4.0,0:27:41,6.920833333333333
2015-01-29,6.03,0:47:07,7.813709231619679
2015-01-31,6.1,0:43:07,7.068306010928962
2015-02-01,8.0,0:59:35,7.447916666666667
2015-02-02,5.14,0:34:34,6.725032425421531
2015-02-03,4.5,0:33:56,7.540740740740741
2015-02-05,6.15,0:40:40,6.612466124661247
2015-02-07,8.0,0:59:49,7.477083333333334
2015-02-08,3.1,0:17:40,5.698924731182796
2015-02-08,1.82,,
2015-02-10,5.88,0:45:11,7.684240362811791
2015-02-12,5.14,0:44:08,8.586251621271078
2015-02-13,6.83,1:00:30,8.857979502196194
2015-02-14,5.03,0:32:48,6.5208747514910534
2015-02-16,6.08,0:45:48,7.532894736842105
2015-02-18,4.95,0:39:08,7.905723905723906
2015-02-20,4.95,0:37:29,7.572390572390573
2015-02-21,6.27,0:52:37,8.391812865497077
2015-02-22,3.81,,
2015-02-23,2.54,,
2015-02-24,2.92,,
2015-02-25,4.45,0:34:10,7.677902621722846
2015-02-27,4.91,0:32:36,6.639511201629328
2015-02-28,6.25,0:41:13,6.594666666666667
2015-03-01,4.1,0:30:39,7.475609756097561
2015-03-02,4.13,,
2015-03-03,4.72,0:37:53,8.026129943502825
2015-03-04,4.37,0:36:16,8.299008390541571
2015-03-06,1.79,,
2015-03-08,3.89,0:31:50,8.18337617823479
2015-03-09,0.5,0:2:17,4.566666666666666
2015-03-09,1.99,0:10:28,5.25963149078727
2015-03-10,1.06,0:8:36,8.11320754716981
2015-03-11,6.0,0:47:34,7.927777777777778
2015-03-12,4.98,0:39:04,7.8447121820615795
2015-03-13,2.87,0:18:34,6.469221835075493
2015-03-14,5.9,0:49:36,8.406779661016948
2015-03-16,4.75,0:31:30,6.631578947368421
2015-03-17,5.0,0:41:05,8.216666666666667
2015-03-18,6.14,0:49:29,8.059174809989143
2015-03-19,3.82,0:34:20,8.987783595113438
2015-03-20,2.12,,
2015-03-30,4.43,0:32:13,7.272385252069226
2015-03-31,5.23,0:43:33,8.326959847036328
2015-04-02,5.15,0:41:14,8.006472491909385
2015-04-03,5.9,0:49:04,8.31638418079096
2015-04-05,4.5,,
2015-04-06,3.58,0:28:45,8.03072625698324
2015-04-07,6.36,0:48:00,7.547169811320755
2015-04-08,4.17,0:33:49,8.10951239008793
2015-04-09,1.0,0:4:47,4.783333333333333
2015-04-10,0.4,,
2015-04-11,1.99,0:10:23,5.217755443886097
2015-04-11,0.5,0:2:15,4.5
2015-04-11,0.5,0:2:15,4.5
2015-04-11,1.87,,
2015-04-13,4.19,0:31:38,7.5497215592680975
2015-04-14,2.64,0:20:45,7.859848484848484
2015-04-15,6.0,,
2015-04-16,3.97,0:30:11,7.602854743912678
2015-04-19,4.09,,
2015-04-19,1.07,,
2015-04-20,1.41,,
2015-04-21,0.5,,
2015-04-21,1.0,0:4:39,4.65
2015-04-21,0.25,,
2015-04-21,1.25,,
2015-04-23,5.85,0:45:25,7.763532763532764
2015-04-24,2.75,,
2015-04-25,7.34,0:53:41,7.313805631244323
2015-04-26,4.22,,
2015-04-27,5.03,0:42:01,8.3532140490391
2015-04-28,3.91,,
2015-04-30,1.99,0:10:21,5.201005025125628
2015-05-01,1.4,,
2015-05-02,10.04,1:12:44,7.244355909694556
2015-05-04,4.36,0:44:41,10.248470948012232
2015-05-05,2.81,,
2015-05-07,4.94,,
2015-05-08,1.5,,
2015-05-09,1.0,0:4:52,4.866666666666666
2015-05-09,0.25,0:1:00,4.0
2015-05-10,4.0,0:32:31,8.129166666666666
2015-05-11,3.14,0:27:31,8.763269639065816
2015-05-12,4.44,,
2015-05-14,1.7,0:21:43,12.77450980392157
2015-05-15,0.5,0:2:16,4.533333333333333
2015-05-15,1.99,0:10:19,5.184254606365159
2015-05-16,1.0,0:4:38,4.633333333333334
2015-05-16,0.5,0:2:17,4.566666666666666
2015-05-27,2.8,0:21:34,7.7023809523809526
2015-05-29,3.77,0:29:59,7.95313881520778
2015-06-01,5.17,0:36:02,6.96969696969697
2015-06-02,4.01,0:31:01,7.734829592684955
2015-06-03,5.16,0:35:16,6.834625322997415
2015-06-04,4.3,0:33:24,7.767441860465117
2015-06-05,5.0,0:44:03,8.81
2015-06-07,7.24,0:54:15,7.4930939226519335
2015-06-08,3.9,0:26:56,6.905982905982906
2015-06-09,5.1,0:42:44,8.379084967320262
2015-06-10,6.37,0:47:44,7.493458922030351
2015-06-11,4.7,0:33:18,7.085106382978723
2015-06-12,7.24,0:53:24,7.375690607734807
2015-06-14,8.02,1:06:43,8.318786367414797
2015-06-15,6.6,0:47:04,7.1313131313131315
2015-06-16,4.71,0:35:34,7.551309271054494
2015-06-17,4.17,0:35:56,8.617106314948042
2015-06-18,8.52,1:02:36,7.347417840375587
2015-06-19,5.5,0:37:19,6.784848484848484
2015-06-21,5.5,0:37:27,6.8090909090909095
2015-06-22,9.0,1:04:12,7.133333333333334
2015-06-23,4.75,0:30:12,6.357894736842105
2015-06-25,6.14,0:52:08,8.490770901194354
2015-06-26,6.0,0:47:44,7.955555555555555
2015-06-27,6.0,0:43:37,7.269444444444445
2015-06-29,6.0,0:47:00,7.833333333333333
2015-06-30,6.28,0:48:06,7.659235668789808
2015-07-01,5.12,0:41:05,8.024088541666666
2015-07-02,6.27,0:45:29,7.254120148856992
2015-07-03,7.66,0:58:30,7.637075718015666
2015-07-05,10.02,1:15:28,7.531603459747172
2015-07-06,6.18,0:48:13,7.8020496224379725
2015-07-07,6.0,0:48:56,8.155555555555555
2015-07-08,6.07,0:40:40,6.699615595826469
2015-07-09,4.64,0:32:00,6.8965517241379315
2015-07-10,10.12,1:19:52,7.891963109354415
2015-07-12,4.99,0:37:44,7.561790247160988
2015-07-14,6.28,0:48:00,7.643312101910827
2015-07-15,5.25,0:34:45,6.6190476190476195
2015-07-15,1.0,0:4:55,4.916666666666667
2015-07-15,1.35,,
2015-07-16,6.37,0:46:11,7.250130821559393
2015-07-17,4.78,0:40:11,8.406555090655509
2015-07-18,11.01,1:27:24,7.938237965485922
2015-07-19,6.15,0:39:02,6.3468834688346885
2015-07-20,8.32,1:02:51,7.554086538461537
2015-07-21,5.88,0:41:07,6.992630385487528
2015-07-23,6.62,0:49:26,7.467270896273917
2015-07-23,1.07,0:7:18,6.822429906542055
2015-07-24,7.41,0:49:18,6.653171390013496
2015-07-24,0.54,0:3:37,6.697530864197531
2015-07-25,5.36,0:36:57,6.89365671641791
2015-07-26,10.02,1:17:35,7.742847638057219
2015-07-27,6.37,0:45:23,7.124542124542125
2015-07-28,6.65,0:49:46,7.483709273182956
2015-07-29,7.71,1:04:38,8.383052313013403
2015-07-31,8.28,1:02:02,7.49194847020934
2015-08-01,6.0,0:40:49,6.802777777777778
2015-08-02,13.66,1:41:30,7.430453879941435
2015-08-03,7.21,0:53:41,7.445677300046232
2015-08-04,7.15,0:47:43,6.673659673659674
2015-08-05,7.2,0:52:49,7.335648148148148
2015-08-08,11.0,1:25:32,7.775757575757576
2015-08-09,7.49,0:57:58,7.739207832665776
2015-08-10,6.07,0:41:26,6.825919824272377
2015-08-11,7.41,0:48:10,6.500224921277552
2015-08-12,8.0,1:03:50,7.979166666666667
2015-08-13,6.04,0:45:32,7.5386313465783665
2015-08-13,1.86,0:10:09,5.456989247311827
2015-08-14,4.0,,
2015-08-15,5.14,0:42:55,8.349546044098574
2015-08-16,12.43,1:32:34,7.4470367390721375
2015-08-18,7.03,0:48:50,6.946420104314841
2015-08-19,8.02,1:03:02,7.8595178719867
2015-08-20,6.03,0:41:16,6.843559977888336
2015-08-21,8.98,1:08:45,7.655902004454343
2015-08-23,10.0,1:11:02,7.1033333333333335
2015-08-24,4.25,0:28:28,6.698039215686275
2015-08-24,3.99,0:29:41,7.439431913116123
2015-08-25,9.23,,
2015-08-26,7.05,0:50:08,7.111111111111112
2015-08-27,6.37,,
2015-08-28,2.49,0:12:42,5.100401606425702
2015-08-28,3.68,,
2015-08-29,12.0,1:19:14,6.602777777777778
2015-08-31,5.08,0:38:42,7.618110236220472
2015-09-01,9.59,,
2015-09-02,7.05,0:50:15,7.127659574468085
2015-09-03,6.55,,
2015-09-04,3.73,0:20:41,5.545129579982127
2015-09-04,2.63,,
2015-09-05,8.0,0:54:16,6.783333333333333
2015-09-06,9.16,1:11:47,7.836608442503638
2015-09-07,7.3,0:53:48,7.36986301369863
2015-09-08,11.6,1:15:42,6.525862068965518
2015-09-10,5.48,0:41:58,7.658150851581508
2015-09-11,4.97,0:27:35,5.549966465459423
2015-09-11,3.22,,
2015-09-12,12.2,1:30:01,7.378415300546449
2015-09-13,8.04,0:55:43,6.929933665008293
2015-09-15,8.06,0:59:13,7.346980976013233
2015-09-16,7.0,0:47:41,6.811904761904762
2015-09-17,8.27,0:56:53,6.8782748891575975
2015-09-18,7.89,,
2015-09-19,7.0,0:50:40,7.238095238095238
2015-09-20,12.16,1:29:20,7.3464912280701755
2015-09-22,7.63,0:53:11,6.970292704237659
2015-09-23,9.25,,
2015-09-24,9.44,1:02:43,6.643714689265537
2015-09-25,8.0,1:01:57,7.74375
2015-09-26,8.6,0:59:09,6.877906976744186
2015-09-27,12.16,1:19:32,6.540570175438597
2015-09-29,8.0,0:59:50,7.479166666666667
2015-09-30,8.46,,
2015-10-01,7.11,0:53:03,7.461322081575246
2015-10-02,3.51,0:25:00,7.122507122507122
2015-10-03,4.97,0:26:40,5.3655264922870565
2015-10-03,4.7,,
2015-10-04,10.04,1:11:35,7.129814077025233
2015-10-06,7.22,0:54:25,7.536934441366574
2015-10-07,8.57,,
2015-10-08,8.0,0:57:37,7.202083333333333
2015-10-09,7.13,,
2015-10-10,8.45,1:00:27,7.153846153846155
2015-10-11,11.0,1:19:35,7.234848484848484
2015-10-13,7.18,0:49:53,6.947539461467039
2015-10-14,9.6,1:02:02,6.461805555555556
2015-10-15,7.93,0:59:34,7.511559478772594
2015-10-16,3.5,0:23:38,6.752380952380952
2015-10-17,4.97,0:25:56,5.217974513749161
2015-10-17,4.89,,
2015-10-18,10.13,1:14:21,7.339585389930898
2015-10-20,7.02,0:48:14,6.870845204178538
2015-10-21,7.36,,
2015-10-22,7.0,0:49:30,7.071428571428571
2015-10-23,7.29,0:56:08,7.700045724737082
2015-10-24,7.91,,
2015-10-25,10.15,1:11:52,7.080459770114942
2015-10-27,7.11,0:49:59,7.030004688232536
2015-10-28,6.32,,
2015-10-29,6.19,0:42:52,6.925148088314486
2015-10-30,4.52,0:32:46,7.249262536873157
2015-10-31,4.97,0:26:40,5.3655264922870565
2015-10-31,3.0,,
2015-11-01,10.12,1:11:13,7.037220026350462
2015-11-03,7.17,0:52:53,7.375639237563925
2015-11-04,7.2,0:50:18,6.986111111111111
2015-11-05,6.13,,
2015-11-06,6.21,0:43:44,7.042404723564144
2015-11-07,7.13,,
2015-11-08,8.26,1:00:00,7.263922518159807
2015-11-10,7.06,0:48:43,6.900377714825307
2015-11-11,6.36,,
2015-11-12,5.3,0:39:58,7.540880503144654
2015-11-13,3.93,0:27:47,7.069550466497032
2015-11-14,4.97,0:28:09,5.663983903420524
2015-11-14,3.55,,
2015-11-15,9.78,1:06:16,6.775732788002727
2015-11-17,6.73,0:49:47,7.397226349678058
2015-11-18,7.56,0:53:30,7.076719576719578
2015-11-19,8.18,,
2015-11-20,10.0,1:04:34,6.456666666666666
2015-11-22,6.08,0:45:53,7.546600877192983
2015-11-23,7.4,0:51:12,6.918918918918918
2015-11-24,8.45,0:55:44,6.595660749506904
2015-11-26,8.1,1:12:05,8.899176954732512
2015-11-27,5.34,,
2015-11-28,5.97,0:40:28,6.778336125069794
2015-11-29,6.97,0:51:04,7.326637972262076
2015-11-30,4.78,,
2015-12-01,5.28,0:39:06,7.40530303030303
2015-12-02,4.75,0:36:31,7.6877192982456135
2015-12-03,3.1,0:16:15,5.241935483870967
2015-12-03,3.62,,
2015-12-04,1.92,0:15:03,7.838541666666667
2015-12-17,3.89,0:28:17,7.270779777206513
2015-12-18,4.1,0:29:15,7.134146341463415
2015-12-19,3.1,0:18:54,6.096774193548387
2015-12-20,3.96,0:32:25,8.186026936026936
2015-12-21,5.15,0:37:42,7.3203883495145625
2015-12-22,4.05,,
2015-12-24,4.9,0:37:13,7.595238095238094
2015-12-25,5.6,0:41:36,7.428571428571429
2015-12-26,5.0,0:35:17,7.056666666666667
2015-12-27,6.0,0:43:17,7.213888888888889
2015-12-28,5.73,0:51:23,8.967422920302502
2015-12-30,4.18,0:31:27,7.523923444976077
2015-12-31,5.55,0:38:47,6.987987987987989
2016-01-01,5.7,0:38:22,6.730994152046784
2016-01-02,7.22,0:49:50,6.9021237303785785
2016-01-03,6.32,0:43:28,6.877637130801688
2016-01-05,5.62,0:46:43,8.312574139976276
2016-01-06,6.33,,
2016-01-07,8.09,0:55:43,6.887103419859909
2016-01-08,6.22,0:46:45,7.516077170418006
2016-01-09,6.0,0:43:50,7.305555555555555
2016-01-10,4.04,0:31:18,7.747524752475247
2016-01-12,9.3,1:02:30,6.720430107526881
2016-01-13,7.06,0:53:57,7.641643059490085
2016-01-14,7.26,0:52:17,7.201561065197429
2016-01-15,7.85,,
2016-01-16,10.0,1:10:42,7.069999999999999
2016-01-17,6.0,0:43:54,7.316666666666666
2016-01-19,9.3,,
2016-01-20,7.64,0:57:30,7.526178010471204
2016-01-21,7.09,0:53:58,7.611659614480489
2016-01-22,6.95,0:59:12,8.517985611510792
2016-01-24,10.63,1:20:07,7.536845406083412
2016-01-25,7.19,0:56:06,7.80250347705146
2016-01-26,7.64,,
2016-01-27,6.45,0:46:20,7.183462532299742
2016-01-28,5.42,,
2016-01-29,4.21,,
2016-01-30,1.86,0:9:27,5.080645161290322
2016-01-30,5.65,,
2016-01-31,11.53,1:27:53,7.622145128649899
2016-02-02,8.77,,
2016-02-03,6.5,0:47:24,7.292307692307692
2016-02-04,8.89,,
2016-02-05,5.0,0:36:44,7.346666666666667
2016-02-06,3.1,0:16:23,5.284946236559139
2016-02-06,1.0,0:4:50,4.833333333333333
2016-02-06,7.96,,
2016-02-07,12.28,1:28:26,7.201411509229099
2016-02-08,7.01,0:51:36,7.360912981455064
2016-02-09,8.5,1:02:27,7.347058823529411
2016-02-10,7.28,,
2016-02-11,7.65,0:58:34,7.655773420479303
2016-02-12,6.42,0:44:45,6.970404984423676
2016-02-13,3.44,0:28:10,8.187984496124031
2016-02-13,7.0,0:52:49,7.545238095238095
2016-02-14,13.1,1:37:01,7.405852417302799
2016-02-15,8.34,1:06:53,8.019584332533974
2016-02-16,6.8,0:57:07,8.39950980392157
2016-02-17,7.63,,
2016-02-19,4.26,0:33:20,7.82472613458529
2016-02-20,1.86,0:9:14,4.964157706093189
2016-02-20,4.8,,
2016-02-21,12.29,1:37:00,7.89259560618389
2016-02-23,7.55,,
2016-02-24,6.96,0:51:50,7.447318007662835
2016-02-25,6.11,,
2016-02-26,6.92,0:50:05,7.23747591522158
2016-02-27,4.45,0:33:19,7.48689138576779
2016-02-28,3.1,0:16:01,5.166666666666667
2016-02-28,4.28,,
2016-03-01,9.38,1:09:24,7.398720682302771
2016-03-02,6.82,0:48:50,7.160312805474096
2016-03-03,8.42,1:02:02,7.3673792557403015
2016-03-04,8.92,,
2016-03-05,7.14,0:53:56,7.553688141923436
2016-03-06,11.16,1:06:42,5.976702508960574
2016-03-07,8.84,0:59:39,6.747737556561086
2016-03-08,8.62,,
2016-03-09,7.0,,
2016-03-10,8.25,1:02:42,7.6
2016-03-11,8.0,,
2016-03-12,13.0,1:36:58,7.458974358974359
2016-03-14,9.22,1:07:25,7.312002892263195
2016-03-15,7.04,,
2016-03-16,1.31,,
2016-03-17,0.71,,
2016-03-25,1.92,0:13:19,6.935763888888889
2016-03-26,2.03,0:15:00,7.389162561576355
2016-03-28,3.45,0:24:45,7.173913043478261
2016-03-29,4.26,0:30:00,7.042253521126761
2016-03-30,4.3,0:32:00,7.441860465116279
2016-03-31,5.56,0:40:00,7.194244604316547
2016-04-01,4.43,0:30:00,6.772009029345373
2016-04-02,5.72,0:39:34,6.917249417249418
2016-04-04,5.2,0:39:24,7.576923076923077
2016-04-05,6.28,0:45:00,7.165605095541401
2016-04-06,5.34,0:40:00,7.490636704119851
2016-04-07,4.78,0:35:00,7.3221757322175725
2016-04-08,6.14,0:45:00,7.32899022801303
2016-04-10,6.14,0:46:48,7.62214983713355
2016-04-11,5.87,0:45:15,7.7086882453151615
2016-04-12,3.86,0:30:02,7.780656303972366
2016-04-13,6.2,0:46:04,7.430107526881721
2016-04-14,3.72,0:30:07,8.095878136200717
2016-04-16,6.2,0:50:00,8.064516129032258
2016-04-17,5.91,0:43:45,7.4027072758037225
2016-04-18,6.5,,
2016-04-19,5.72,,
2016-04-20,5.43,,
2016-04-21,3.78,0:29:30,7.804232804232805
2016-04-22,5.03,,
2016-04-22,3.14,,
2016-05-18,2.64,0:19:47,7.4936868686868685
2016-05-19,3.5,0:25:18,7.228571428571429
2016-05-20,2.59,0:20:00,7.722007722007722
2016-05-21,2.83,0:20:13,7.143698468786808
2016-05-23,2.6,0:20:00,7.6923076923076925
2016-05-24,3.64,0:27:29,7.5503663003663
2016-05-25,2.78,0:21:00,7.553956834532374
2016-05-26,2.83,0:20:11,7.131919905771496
2016-05-27,3.64,0:26:35,7.303113553113553
2016-05-28,3.63,0:27:10,7.4839302112029396
2016-05-30,3.29,0:26:12,7.963525835866261
2016-05-31,4.27,0:31:01,7.263856362217019
2016-06-01,3.85,0:29:19,7.6147186147186146
2016-06-03,4.23,0:31:23,7.419227738376674
2016-06-04,3.7,0:31:14,8.441441441441441
2016-06-06,4.03,0:32:40,8.105872622001653
2016-06-07,3.9,0:30:01,7.696581196581197
2016-06-09,4.85,0:35:55,7.405498281786943
2016-06-11,4.76,0:30:57,6.502100840336135
2016-06-12,5.16,0:35:55,6.960594315245477
2016-06-13,5.25,0:38:21,7.304761904761905
2016-06-14,5.1,0:36:31,7.160130718954249
2016-06-16,4.99,0:39:25,7.899131596526386
2016-06-18,5.93,0:39:32,6.666666666666667
2016-06-19,5.04,0:38:23,7.615740740740741
2016-06-20,6.73,0:49:32,7.360079247152055
2016-06-21,4.22,0:31:35,7.484202211690364
2016-06-23,4.1,0:31:16,7.6260162601626025
2016-06-24,7.06,0:42:00,5.949008498583569
2016-06-25,6.81,0:49:34,7.27851199216838
2016-06-26,6.08,0:44:10,7.264254385964913
2016-06-27,4.57,0:33:31,7.334062727935813
2016-06-28,7.61,0:55:54,7.345597897503285
2016-06-29,5.86,0:42:35,7.266780432309442
2016-07-01,6.58,0:45:49,6.963019250253293
2016-07-02,8.06,0:52:46,6.546732837055417
2016-07-03,5.27,0:33:23,6.334598355471221
2016-07-04,6.21,0:45:22,7.305421363392378
2016-07-05,5.91,0:43:27,7.351945854483926
2016-07-07,7.2,0:52:16,7.259259259259259
2016-07-08,6.12,0:44:54,7.336601307189542
2016-07-12,5.83,0:44:37,7.652944539736993
2016-07-13,7.11,0:50:00,7.032348804500702
2016-07-14,6.0,0:38:58,6.4944444444444445
2016-07-15,6.37,0:49:30,7.770800627943485
2016-07-16,5.89,0:43:49,7.439162422184494
2016-07-17,9.41,1:06:31,7.068721218561814
2016-07-19,7.0,0:50:37,7.23095238095238
2016-07-20,7.0,0:50:36,7.228571428571429
2016-07-21,7.0,0:50:15,7.178571428571429
2016-07-22,7.0,0:50:34,7.223809523809524
2016-07-23,7.0,0:54:33,7.792857142857143
2016-07-24,11.21,1:22:49,7.387749033600951
2016-07-26,8.25,0:59:27,7.206060606060606
2016-07-27,8.02,0:55:30,6.920199501246883
2016-07-28,7.0,0:50:35,7.226190476190476
2016-07-29,11.01,1:20:59,7.355434453527097
2016-07-30,6.5,0:43:29,6.689743589743589
2016-07-31,9.25,1:01:44,6.673873873873874
2016-08-02,9.15,1:09:59,7.648451730418943
2016-08-03,8.0,1:00:00,7.5
2016-08-04,8.0,0:57:48,7.225
2016-08-05,6.99,0:51:18,7.339055793991417
2016-08-06,9.0,1:04:56,7.214814814814815
2016-08-07,12.34,1:29:40,7.266342517558076
2016-08-09,8.25,0:59:40,7.232323232323233
2016-08-10,3.5,0:29:12,8.342857142857143
2016-08-10,7.25,0:52:20,7.218390804597702
2016-08-11,8.22,0:59:21,7.2201946472019465
2016-08-12,8.18,1:01:11,7.479625101874491
2016-08-13,12.6,1:41:23,8.046296296296296
2016-08-14,7.27,0:50:44,6.978450252177901
2016-08-16,7.91,1:00:44,7.678044669195112
2016-08-17,9.3,1:09:28,7.4695340501792105
2016-08-18,6.37,0:44:08,6.928309785452642
2016-08-19,4.07,0:30:06,7.395577395577395
2016-08-19,9.43,1:07:29,7.156238953693885
2016-08-20,7.73,0:57:35,7.449331608451918
2016-08-21,12.03,1:23:54,6.974231088944307
2016-08-22,3.98,0:31:36,7.939698492462312
2016-08-22,4.98,,
2016-08-23,8.0,1:01:33,7.69375
2016-08-24,3.96,0:31:07,7.857744107744108
2016-08-24,5.36,0:38:24,7.164179104477611
2016-08-25,2.49,0:12:50,5.1539491298527444
2016-08-25,5.23,,
2016-08-26,6.0,0:44:19,7.386111111111111
2016-08-26,6.0,0:45:27,7.575
2016-08-27,14.15,1:30:59,6.429917550058892
2016-08-29,10.77,,
2016-08-30,8.0,1:00:51,7.60625
2016-08-31,7.5,0:58:42,7.826666666666667
2016-09-01,3.2,0:17:09,5.359375
2016-09-01,3.14,0:23:32,7.494692144373673
2016-09-01,4.19,,
2016-09-02,8.0,0:54:06,6.7625
2016-09-03,14.0,1:41:58,7.283333333333333
2016-09-04,5.51,0:38:31,6.990320629159105
2016-09-05,9.42,1:09:23,7.36553432413305
2016-09-06,9.1,,
2016-09-07,8.5,1:00:27,7.1117647058823525
2016-09-08,7.0,0:50:54,7.271428571428571
2016-09-09,4.97,0:28:48,5.794768611670021
2016-09-09,6.09,,
2016-09-10,7.01,0:54:56,7.8364241559676655
2016-09-11,14.04,1:36:23,6.864909781576448
2016-09-13,8.75,0:58:06,6.64
2016-09-14,9.0,,
2016-09-15,9.94,1:10:43,7.1143527833668685
2016-09-16,9.13,,
2016-09-16,4.0,0:28:03,7.0125
2016-09-17,10.05,1:15:47,7.540630182421227
2016-09-18,14.03,1:39:04,7.061059634117368
2016-09-19,6.24,0:43:39,6.9951923076923075
2016-09-20,10.47,,
2016-09-21,8.96,1:04:00,7.142857142857142
2016-09-22,10.74,1:20:36,7.504655493482309
2016-09-23,7.92,0:56:37,7.148569023569023
2016-09-24,3.73,0:20:04,5.379803395889186
2016-09-24,4.04,,
2016-09-25,12.0,1:19:46,6.647222222222222
2016-09-26,7.04,0:49:23,7.01467803030303
2016-09-27,8.19,1:02:00,7.570207570207571
2016-09-29,6.0,0:43:36,7.266666666666667
2016-09-30,6.0,0:46:21,7.725
2016-10-01,4.97,0:26:39,5.362173038229376
2016-10-01,6.33,,
2016-10-02,14.07,1:44:56,7.457948353470742
2016-10-04,10.09,1:13:18,7.264618434093162
2016-10-05,10.89,1:14:17,6.821242730333639
2016-10-06,12.19,1:19:14,6.499863275909216
2016-10-07,10.4,1:19:48,7.6730769230769225
2016-10-08,3.83,0:29:27,7.689295039164491
2016-10-09,14.25,1:52:25,7.888888888888888
2016-10-10,7.2,0:59:59,8.331018518518517
2016-10-11,10.52,1:16:36,7.281368821292776
2016-10-12,10.63,,
2016-10-13,10.0,1:13:08,7.3133333333333335
2016-10-14,6.25,0:46:00,7.36
2016-10-15,4.97,0:26:28,5.325285043594903
2016-10-15,4.7,,
2016-10-16,12.1,1:22:00,6.776859504132232
2016-10-18,9.0,1:06:00,7.333333333333333
2016-10-19,9.0,1:06:24,7.377777777777778
2016-10-20,9.45,1:05:23,6.918871252204585
2016-10-21,6.01,0:42:36,7.088186356073211
2016-10-22,8.26,,
2016-10-23,13.0,1:31:19,7.024358974358974
2016-10-25,6.6,0:54:28,8.252525252525253
2016-10-26,9.4,1:02:40,6.666666666666667
2016-10-27,7.97,0:58:25,7.32956921790046
2016-10-28,6.2,0:44:19,7.147849462365591
2016-10-29,4.97,0:27:29,5.5298457411133475
2016-10-29,5.53,,
2016-10-30,13.01,1:32:00,7.071483474250576
2016-11-01,8.9,,
2016-11-02,7.96,0:57:06,7.173366834170854
2016-11-03,9.67,,
2016-11-04,6.92,0:48:33,7.015895953757226
2016-11-05,12.57,1:27:17,6.94378149032087
2016-11-07,8.0,0:57:55,7.239583333333333
2016-11-08,9.21,1:00:53,6.610568222946072
2016-11-09,7.97,0:58:26,7.331660393140946
2016-11-10,7.97,0:59:00,7.402760351317441
2016-11-11,6.3,0:46:02,7.306878306878307
2016-11-12,4.97,0:27:38,5.560026827632461
2016-11-13,10.07,1:11:04,7.057265806024494
2016-11-15,8.04,0:59:03,7.34452736318408
2016-11-16,7.8,,
2016-11-17,6.95,0:49:35,7.134292565947242
2016-11-18,6.0,0:43:06,7.183333333333334
2016-11-19,4.97,0:26:49,5.395707578806171
2016-11-19,4.43,,
2016-11-22,4.54,0:36:13,7.977239353891336
2016-11-23,6.76,0:46:14,6.839250493096647
2016-11-24,6.86,0:48:51,7.1209912536443145
2016-11-25,6.3,0:50:28,8.010582010582011
2016-11-26,6.13,0:46:34,7.596519847743338
2016-11-27,10.0,1:10:51,7.085
2016-11-28,7.03,,
2016-11-29,8.0,0:59:27,7.43125
2016-11-30,8.31,,
2016-12-01,7.02,0:54:41,7.789648622981957
2016-12-02,6.13,0:45:15,7.381729200652528
2016-12-03,3.1,0:16:09,5.209677419354838
2016-12-03,7.77,,
2016-12-04,5.33,0:44:59,8.439649781113197
2016-12-19,4.22,0:30:54,7.322274881516588
2016-12-20,4.1,0:34:29,8.410569105691058
2016-12-21,4.1,0:33:34,8.1869918699187
2016-12-22,4.49,0:33:27,7.44988864142539
2016-12-23,6.06,0:45:24,7.491749174917492
2016-12-26,6.1,0:45:49,7.510928961748634
2016-12-27,5.34,0:44:01,8.242821473158552
2016-12-28,5.0,0:39:00,7.8
2016-12-29,7.0,0:50:35,7.226190476190476
2016-12-31,5.37,0:42:46,7.963997517070142
2017-01-01,6.04,0:44:35,7.381346578366446
2017-01-02,5.17,0:38:55,7.527401676337846
2017-01-03,7.1,0:45:17,6.377934272300469
2017-01-04,9.56,1:12:16,7.5592747559274756
2017-01-11,2.57,0:20:00,7.782101167315176
2017-01-12,5.5,0:41:24,7.527272727272727
2017-01-13,7.5,,
2017-01-14,7.32,1:00:00,8.19672131147541
2017-01-16,6.0,0:43:47,7.297222222222222
2017-01-17,7.25,0:50:23,6.949425287356322
2017-01-18,8.07,,
2017-01-19,6.29,0:47:20,7.525172231054584
2017-01-20,6.18,0:45:13,7.316612729234089
2017-01-21,1.0,0:4:47,4.783333333333333
2017-01-21,8.08,,
2017-01-22,10.0,1:13:40,7.366666666666666
2017-01-24,7.47,0:52:10,6.983489513609996
2017-01-25,9.15,1:03:12,6.907103825136612
2017-01-26,8.03,0:58:28,7.281029472810295
2017-01-27,9.27,1:06:17,7.150305645451278
2017-01-28,8.1,,
2017-01-29,12.04,1:23:56,6.9712070874861585
2017-01-30,5.5,0:39:43,7.221212121212121
2017-01-31,10.07,,
2017-02-01,8.0,0:57:32,7.191666666666666
2017-02-02,6.02,0:45:03,7.483388704318938
2017-02-03,1.86,0:9:26,5.07168458781362
2017-02-03,5.65,,
2017-02-05,12.03,1:25:51,7.136325852036576
2017-02-06,8.0,0:56:19,7.039583333333334
2017-02-07,4.11,0:31:50,7.745336577453366
2017-02-07,9.03,1:04:32,7.1465485418973795
2017-02-08,9.29,,
2017-02-09,4.02,0:34:14,8.51575456053068
2017-02-09,8.04,0:57:25,7.141376451077944
2017-02-10,8.02,1:02:58,7.85120532003325
2017-02-11,1.0,0:4:36,4.6
2017-02-11,9.02,,
2017-02-12,10.0,1:12:38,7.263333333333334
2017-02-14,4.24,0:35:17,8.321540880503145
2017-02-14,10.2,1:14:29,7.302287581699347
2017-02-15,9.0,,
2017-02-16,3.01,0:24:50,8.25027685492802
2017-02-16,8.04,1:01:44,7.6782752902155895
2017-02-17,6.5,0:45:10,6.948717948717948
2017-02-18,1.86,0:9:09,4.919354838709677
2017-02-18,8.65,,
2017-02-19,10.0,1:18:28,7.846666666666667
2017-02-22,8.55,1:03:04,7.376218323586744
2017-02-23,8.82,,
2017-02-24,8.0,0:56:47,7.097916666666666
2017-02-25,7.0,0:53:53,7.697619047619047
2017-02-26,0.99,0:4:33,4.595959595959596
2017-02-26,1.0,0:4:36,4.6
2017-02-26,10.09,,
2017-02-28,8.0,0:57:41,7.210416666666666
2017-03-01,8.07,1:00:45,7.5278810408921935
2017-03-02,7.75,,
2017-03-03,7.0,0:52:54,7.557142857142858
2017-03-04,1.86,0:8:56,4.802867383512544
2017-03-04,7.6,,
2017-03-05,8.0,0:55:16,6.908333333333333
2017-03-06,8.18,1:00:03,7.341075794621028
2017-03-07,4.14,0:29:48,7.1980676328502415
2017-03-07,10.01,1:16:33,7.647352647352648
2017-03-08,9.44,1:03:24,6.716101694915254
2017-03-09,4.0,0:29:03,7.2625
2017-03-09,9.0,1:09:46,7.7518518518518515
2017-03-10,8.18,0:58:53,7.198451507742462
2017-03-11,8.45,,
2017-03-12,12.04,1:24:44,7.037652270210411
2017-03-13,8.06,0:59:23,7.367659222497932
2017-03-14,3.97,0:34:47,8.761544920235098
2017-03-14,8.0,,
2017-03-15,8.39,1:05:44,7.8347238776321015
2017-03-16,8.0,0:53:00,6.625
2017-03-17,3.11,0:15:19,4.92497320471597
2017-03-17,4.35,,
2017-03-18,6.0,0:42:10,7.027777777777778
2017-03-19,12.1,1:26:15,7.12809917355372
2017-03-21,3.01,0:23:15,7.724252491694353
2017-03-21,10.43,1:13:26,7.040588047299456
2017-03-22,9.12,1:03:28,6.959064327485381
2017-03-23,4.1,0:31:48,7.75609756097561
2017-03-23,10.14,1:10:46,6.97896120973044
2017-03-24,10.29,1:07:52,6.595400064787821
2017-03-25,8.07,1:00:46,7.529946303180504
2017-03-27,8.0,0:55:53,6.985416666666667
2017-03-28,4.0,0:29:59,7.495833333333334
2017-03-28,9.35,,
2017-03-29,8.02,1:00:04,7.489609310058188
2017-03-30,6.06,0:44:51,7.400990099009902
2017-03-31,3.11,0:15:43,5.053590568060021
2017-03-31,4.65,,
2017-04-01,7.0,0:50:01,7.145238095238096
2017-04-02,10.0,1:16:00,7.6
2017-04-04,3.0,0:22:14,7.411111111111111
2017-04-04,9.59,1:12:19,7.54084115397984
2017-04-05,8.06,1:01:25,7.619933829611248
2017-04-06,9.0,,
2017-04-07,8.0,1:02:56,7.866666666666666
2017-04-08,12.03,1:20:12,6.666666666666667
2017-04-10,8.0,0:53:41,6.710416666666666
2017-04-11,9.22,1:12:27,7.857917570498914
2017-04-12,8.12,,
2017-04-17,2.52,0:20:28,8.121693121693122
2017-04-18,5.16,0:38:19,7.4257105943152455
2017-04-19,5.91,,
2017-04-20,5.0,0:36:23,7.276666666666667
2017-04-21,6.21,0:33:50,5.4482018250134185
2017-04-21,3.35,,
2017-05-08,3.43,0:26:35,7.7502429543245865
2017-05-09,4.73,0:37:40,7.963354474982381
2017-05-11,3.0,0:21:53,7.294444444444445
2017-05-11,1.03,,
2017-05-13,2.29,0:20:44,9.053857350800582
2017-05-14,2.79,0:24:03,8.620071684587815
2017-05-15,4.0,0:29:01,7.254166666666666
2017-05-16,5.67,0:45:20,7.995296884185773
2017-05-18,5.65,0:46:48,8.283185840707963
2017-05-19,3.01,0:20:52,6.932447397563677
2017-05-20,3.91,0:31:10,7.971014492753623
2017-05-22,5.92,0:46:27,7.846283783783784
2017-05-24,4.45,0:32:29,7.299625468164794
2017-05-25,4.9,0:39:07,7.982993197278911
2017-05-27,7.0,0:57:49,8.25952380952381
2017-05-28,6.32,0:51:54,8.212025316455696
2017-05-29,4.0,0:30:19,7.579166666666667
2017-05-30,5.05,0:36:37,7.250825082508252
2017-06-01,6.0,0:47:57,7.991666666666666
2017-06-02,6.0,0:41:34,6.927777777777778
2017-06-03,4.0,0:36:21,9.0875
2017-06-05,6.43,0:46:38,7.252462415759462
2017-06-07,6.23,0:47:50,7.677902621722846
2017-06-08,5.72,0:41:36,7.2727272727272725
2017-06-10,6.0,0:41:23,6.897222222222222
2017-06-11,6.3,0:47:18,7.507936507936508
2017-06-12,6.0,0:44:54,7.483333333333333
2017-06-13,5.51,0:42:05,7.637628554143982
2017-06-14,6.27,0:42:56,6.84742158426369
2017-06-16,5.01,0:32:46,6.540252827677977
2017-06-17,7.0,0:57:16,8.18095238095238
2017-06-18,4.4,0:30:31,6.9356060606060606
2017-06-19,4.0,0:34:30,8.625
2017-06-21,7.46,0:56:50,7.618409294012511
2017-06-22,6.75,0:53:05,7.864197530864198
2017-06-23,7.12,0:50:22,7.073970037453183
2017-06-24,8.5,1:06:55,7.872549019607844
2017-06-25,6.5,0:45:50,7.051282051282052
2017-06-27,7.0,0:49:17,7.04047619047619
2017-06-28,8.0,0:56:59,7.122916666666667
2017-06-29,4.14,0:33:42,8.140096618357488
2017-06-30,8.03,0:54:04,6.733084267330843
2017-07-01,4.41,0:32:56,7.467876039304611
2017-07-01,3.59,0:27:46,7.734447539461468
2017-07-02,10.0,1:19:19,7.931666666666667
2017-07-03,7.17,0:51:09,7.133891213389122
2017-07-04,8.53,1:00:36,7.104337631887457
2017-07-06,7.6,0:53:13,7.00219298245614
2017-07-07,8.11,1:03:51,7.872996300863132
2017-07-08,7.02,0:51:45,7.371794871794872
2017-07-09,8.93,1:09:52,7.82381485628966
2017-07-11,8.11,1:02:04,7.653103164817098
2017-07-12,8.31,0:59:51,7.20216606498195
2017-07-13,12.0,1:27:20,7.277777777777778
2017-07-14,8.72,1:06:55,7.673929663608562
2017-07-15,6.14,0:51:55,8.455483170466884
2017-07-15,2.95,0:17:09,5.813559322033898
2017-07-15,1.67,,
2017-07-16,7.17,0:54:17,7.570897257089726
2017-07-18,8.06,0:57:07,7.086435070306037
2017-07-18,4.02,0:28:33,7.101990049751245
2017-07-19,8.15,0:54:48,6.7239263803680975
2017-07-20,9.0,1:01:14,6.803703703703704
2017-07-21,9.0,1:06:00,7.333333333333333
2017-07-22,8.5,1:06:34,7.8313725490196076
2017-07-23,11.5,1:20:16,6.9797101449275365
2017-07-24,8.58,1:03:33,7.406759906759906
2017-07-25,9.0,1:04:45,7.194444444444445
2017-07-26,13.1,1:37:20,7.43002544529262
2017-07-27,8.63,1:03:05,7.3097721127848585
2017-07-28,8.69,1:04:56,7.472190257000384
2017-07-29,8.2,1:00:31,7.380081300813009
2017-07-30,7.54,0:53:15,7.062334217506631
2017-07-31,14.0,1:44:39,7.475
2017-08-01,10.01,1:13:53,7.380952380952381
2017-08-02,9.0,1:05:54,7.322222222222222
2017-08-02,4.0,0:26:50,6.708333333333333
2017-08-03,9.35,1:05:03,6.957219251336898
2017-08-04,8.57,0:58:28,6.8222481524698555
2017-08-05,9.0,1:02:30,6.944444444444445
2017-08-05,4.07,0:28:24,6.977886977886977
2017-08-07,9.4,1:05:01,6.916666666666667
2017-08-08,8.63,1:07:39,7.83893395133256
2017-08-08,1.86,0:10:50,5.82437275985663
2017-08-08,2.01,,
2017-08-09,9.11,1:07:37,7.422246615440908
2017-08-10,9.36,1:11:46,7.667378917378917
2017-08-11,8.82,1:02:17,7.061602418745276
2017-08-12,9.51,1:11:33,7.523659305993691
2017-08-13,15.25,1:49:54,7.20655737704918
2017-08-14,9.65,1:11:47,7.438687392055268
2017-08-15,7.2,0:53:21,7.409722222222222
2017-08-15,6.0,0:46:37,7.769444444444445
2017-08-16,6.37,1:02:23,9.793301936159079
2017-08-16,3.0,0:22:20,7.444444444444445
2017-08-17,9.0,1:03:05,7.009259259259259
2017-08-18,9.79,1:13:44,7.5314947225059585
2017-08-18,4.22,0:31:10,7.385466034755135
2017-08-19,8.85,1:02:28,7.0583804143126185
2017-08-31,2.62,0:20:00,7.633587786259541
2017-09-01,4.07,0:30:18,7.444717444717444
2017-09-02,6.08,0:45:00,7.401315789473684
2017-09-03,8.06,0:59:58,7.440033085194375
2017-09-04,6.22,0:46:58,7.550911039657021
2017-09-05,6.9,,
2017-09-06,6.44,0:46:28,7.215320910973085
2017-09-07,7.2,0:54:16,7.537037037037037
2017-09-08,6.97,0:50:13,7.204686752749881
2017-09-09,7.93,,
2017-09-10,10.04,1:11:22,7.108233731739708
2017-09-11,6.29,0:43:46,6.958134605193428
2017-09-12,7.17,0:49:34,6.913063691306369
2017-09-13,8.44,0:56:23,6.680489731437599
2017-09-14,7.5,,
2017-09-15,7.17,0:54:07,7.547652254765225
2017-09-16,8.25,,
2017-09-17,12.0,1:28:10,7.347222222222222
2017-09-19,7.83,1:03:53,8.158790974882928
2017-09-20,9.32,1:02:34,6.713161659513591
2017-09-21,8.11,0:58:59,7.27291409782162
2017-09-22,6.03,0:45:17,7.509673852957435
2017-09-23,3.75,0:20:40,5.511111111111111
2017-09-23,5.2,,
2017-09-24,12.01,1:29:15,7.431307243963364
2017-09-26,8.88,0:58:34,6.595345345345345
2017-09-27,6.0,0:42:09,7.025
2017-09-28,6.0,0:45:45,7.625
2017-09-29,4.97,0:27:15,5.482897384305835
2017-09-29,4.6,,
2017-09-30,8.0,,
2017-10-01,13.3,1:32:11,6.931077694235588
2017-10-02,8.0,0:59:52,7.483333333333333
2017-10-03,8.55,0:58:06,6.7953216374269
2017-10-04,10.0,1:14:28,7.446666666666667
2017-10-05,3.0,0:23:11,7.727777777777778
2017-10-05,8.0,0:56:51,7.10625
2017-10-06,9.85,,
2017-10-07,8.04,0:59:40,7.4212271973466
2017-10-08,13.17,1:38:41,7.4930397367755
2017-10-10,3.04,0:21:56,7.214912280701754
2017-10-10,9.0,1:06:17,7.364814814814816
2017-10-11,7.15,,
2017-10-12,8.0,0:59:50,7.479166666666667
2017-10-13,4.01,0:30:00,7.4812967581047385
2017-10-14,4.97,0:28:02,5.640509725016767
2017-10-14,4.85,,
2017-10-16,11.19,1:17:58,6.9675305332141795
2017-10-17,8.0,0:56:54,7.1125
2017-10-18,8.85,,
2017-10-19,7.96,0:58:40,7.370184254606365
2017-10-20,7.94,0:58:21,7.348866498740554
2017-10-21,9.07,0:58:26,6.442484380742374
2017-10-22,10.0,1:20:35,8.058333333333334
2017-10-23,6.0,0:45:17,7.547222222222222
2017-10-24,3.04,0:21:46,7.160087719298246
2017-10-24,7.73,0:57:49,7.479517033203966
2017-10-25,8.68,,
2017-10-26,6.0,0:42:46,7.127777777777778
2017-10-27,6.64,0:46:41,7.03062248995984
2017-10-28,4.97,0:26:34,5.345405767940979
2017-10-28,5.1,,
2017-10-29,11.67,1:27:23,7.487860611253927
2017-10-31,6.9,0:54:14,7.8599033816425115
2017-11-01,9.34,,
2017-11-02,7.0,0:53:49,7.688095238095238
2017-11-03,7.02,0:54:27,7.756410256410257
2017-11-04,7.43,0:50:21,6.776581426648722
2017-11-05,10.16,1:12:44,7.1587926509186355
2017-11-07,8.0,0:56:56,7.116666666666666
2017-11-08,7.25,,
2017-11-09,8.1,0:57:18,7.074074074074074
2017-11-10,4.95,,
2017-11-11,1.9,,
2017-11-13,13.26,1:36:38,7.287581699346405
2017-11-14,7.0,0:48:42,6.957142857142857
2017-11-15,8.04,0:56:27,7.021144278606966
2017-11-16,9.04,,
2017-11-17,6.06,0:42:48,7.062706270627063
2017-11-19,12.09,1:17:00,6.368899917287014
2017-11-21,6.3,0:40:07,6.367724867724868
2017-11-22,7.54,0:46:54,6.220159151193633
2017-11-23,6.25,0:43:07,6.898666666666667
2017-11-24,6.46,0:45:35,7.0562435500516
2017-11-26,12.0,1:24:18,7.025
2017-11-27,7.11,0:51:04,7.182372245663385
2017-11-28,6.23,,
2017-11-29,7.0,,
2017-11-30,6.26,0:42:00,6.70926517571885
2017-12-01,3.11,0:16:13,5.214362272240086
2017-12-01,3.35,,
2017-12-15,4.33,0:35:05,8.102386451116242
2017-12-17,4.3,0:31:00,7.209302325581396
2017-12-19,3.11,0:19:33,6.286173633440515
2017-12-20,5.3,0:34:13,6.455974842767295
2017-12-21,5.5,,
2017-12-22,5.5,0:42:06,7.654545454545454
2017-12-23,3.11,0:21:29,6.907824222936764
2017-12-24,5.66,0:39:39,7.0053003533568905
2017-12-25,7.22,0:49:18,6.82825484764543
2017-12-28,3.64,0:26:16,7.216117216117215
2017-12-29,7.1,0:53:16,7.502347417840377
2017-12-30,7.79,0:55:34,7.133076593923834
2017-12-31,7.0,0:51:16,7.323809523809524
2018-01-01,6.0,0:42:00,7.0
2018-01-02,6.0,0:44:45,7.458333333333333
2018-01-03,6.48,0:42:09,6.50462962962963
2018-01-04,5.28,0:43:40,8.270202020202019
2018-01-05,4.02,0:28:29,7.085406301824213
2018-01-06,10.2,1:14:56,7.3464052287581705
2018-01-08,8.11,0:59:41,7.359227291409782
2018-01-09,10.07,,
2018-01-10,3.16,0:24:25,7.726793248945147
2018-01-10,8.0,1:02:32,7.816666666666666
2018-01-11,7.01,,
2018-01-12,8.04,0:57:44,7.180762852404644
2018-01-13,12.5,1:27:04,6.965333333333334
2018-01-15,8.0,0:52:55,6.614583333333333
2018-01-16,10.53,1:08:35,6.513137068692625
2018-01-17,3.27,,
2018-01-17,9.0,1:05:04,7.229629629629629
2018-01-18,7.03,0:49:59,7.110004741583689
2018-01-19,7.05,0:53:55,7.6477541371158395
2018-01-20,9.39,,
2018-01-21,12.11,1:22:10,6.785026149187999
2018-01-22,6.32,0:51:49,8.198839662447257
2018-01-23,10.25,,
2018-01-24,3.34,0:23:31,7.040918163672655
2018-01-24,9.04,1:08:02,7.525811209439529
2018-01-25,8.0,,
2018-01-26,3.11,0:16:14,5.219721329046089
2018-01-26,5.79,,
2018-01-27,13.2,1:36:31,7.311868686868688
2018-01-28,6.0,,
2018-01-29,10.0,1:15:11,7.5183333333333335
2018-01-30,4.15,0:30:17,7.29718875502008
2018-01-30,10.09,,
2018-01-31,10.09,1:19:22,7.865873802444665
2018-02-01,10.0,1:16:34,7.656666666666666
2018-02-02,8.0,0:56:46,7.095833333333333
2018-02-03,10.0,,
2018-02-04,14.03,1:40:34,7.167973390354004
2018-02-06,4.0,0:28:20,7.083333333333333
2018-02-06,9.83,,
2018-02-07,4.17,0:29:52,7.162270183852917
2018-02-07,10.0,1:18:01,7.801666666666667
2018-02-08,10.0,1:15:03,7.505
2018-02-09,8.0,0:58:05,7.260416666666667
2018-02-10,1.0,0:4:31,4.516666666666667
2018-02-10,9.0,,
2018-02-11,15.15,1:54:59,7.589658965896589
2018-02-12,6.01,0:48:28,8.064337215751525
2018-02-13,4.08,0:28:17,6.93218954248366
2018-02-13,10.06,1:14:01,7.357521537442014
2018-02-14,3.08,0:21:34,7.0021645021645025
2018-02-14,9.51,,
2018-02-15,8.09,1:01:22,7.5854964977338275
2018-02-16,8.0,1:00:00,7.5
2018-02-17,1.86,0:9:05,4.883512544802867
2018-02-17,6.73,,
2018-02-18,12.53,1:28:12,7.039106145251397
2018-02-20,10.0,1:16:09,7.614999999999999
2018-02-21,10.0,1:12:57,7.295
2018-02-21,4.0,0:29:02,7.258333333333334
2018-02-22,9.24,,
2018-02-23,8.0,,
2018-02-24,7.0,0:52:45,7.5357142857142865
2018-02-25,1.0,0:4:34,4.566666666666666
2018-02-25,1.86,0:9:05,4.883512544802867
2018-02-25,7.5,,
2018-02-28,9.27,1:09:48,7.529665587918015
2018-03-01,10.0,1:11:14,7.123333333333333
2018-03-02,10.1,1:13:37,7.288778877887789
2018-03-03,10.6,,
2018-03-04,14.18,1:49:46,7.740949694405265
2018-03-05,8.0,0:59:05,7.385416666666667
2018-03-06,4.0,0:28:39,7.1625
2018-03-06,10.67,,
2018-03-07,12.02,1:28:36,7.371048252911814
2018-03-08,4.16,0:28:20,6.810897435897435
2018-03-08,12.0,1:32:44,7.727777777777778
2018-03-09,10.0,1:10:45,7.075
2018-03-10,15.23,1:54:59,7.549792077040928
2018-03-11,8.36,1:00:41,7.258771929824562
2018-03-12,8.33,1:01:49,7.420968387354942
2018-03-13,4.25,0:30:34,7.192156862745097
2018-03-13,11.13,,
2018-03-14,10.25,1:16:10,7.43089430894309
2018-03-15,7.02,0:48:54,6.965811965811966
2018-03-16,6.21,0:32:01,5.1556629092860975
2018-03-16,5.79,,
2018-03-17,8.01,0:59:57,7.484394506866417
2018-03-18,16.0,1:50:54,6.93125
2018-03-20,3.23,0:22:16,6.893704850361198
2018-03-20,10.25,1:19:24,7.746341463414634
2018-03-21,9.73,1:14:07,7.617334703665638
2018-03-22,9.9,,
2018-03-23,4.0,0:28:37,7.154166666666667
2018-03-23,10.0,1:09:31,6.951666666666667
2018-03-24,10.0,1:11:52,7.1866666666666665
2018-03-25,14.0,1:41:33,7.253571428571429
2018-03-26,8.05,1:03:35,7.898550724637681
2018-03-27,4.0,0:29:06,7.275
2018-03-27,10.0,,
2018-03-28,10.29,1:20:15,7.798833819241983
2018-03-29,4.05,0:30:15,7.469135802469136
2018-03-29,9.0,1:06:39,7.405555555555555
2018-03-30,7.61,0:58:13,7.650021901007446
2018-03-31,3.11,0:15:49,5.085744908896034
2018-03-31,6.16,,
2018-04-01,14.05,1:38:34,7.015421115065243
2018-04-03,10.0,1:12:28,7.246666666666667
2018-04-04,10.0,1:08:49,6.881666666666666
2018-04-05,10.0,1:11:38,7.163333333333333
2018-04-05,4.1,0:30:19,7.394308943089431
2018-04-06,10.0,1:16:23,7.638333333333334
2018-04-07,10.0,1:16:13,7.621666666666667
2018-04-08,15.11,1:43:57,6.879549966909332
2018-04-09,8.07,1:00:28,7.492771581990913
2018-04-10,4.12,0:28:37,6.945792880258899
2018-04-10,9.61,,
2018-04-11,10.0,1:18:38,7.863333333333333
2018-04-12,10.04,1:15:14,7.4933598937583
2018-04-13,6.5,,
2018-04-15,12.01,1:31:18,7.601998334721065
2018-04-16,8.0,0:56:45,7.09375
2018-04-17,3.0,0:22:54,7.633333333333334
2018-04-17,8.37,,
2018-04-18,8.0,0:58:17,7.285416666666666
2018-04-19,6.25,0:44:00,7.04
2018-04-20,6.21,0:31:53,5.134192163177671
2018-04-20,4.44,,
2018-04-21,3.11,0:15:52,5.101822079314041
2018-04-21,4.31,,
2018-04-23,6.0,0:44:49,7.469444444444445
2018-04-24,8.02,0:59:39,7.437655860349127
2018-04-25,9.0,1:13:46,8.196296296296296
2018-04-26,10.0,,
2018-04-27,8.0,1:04:17,8.035416666666666
2018-04-29,14.0,1:33:37,6.686904761904762
2018-04-30,8.53,1:02:37,7.340758108636186
2018-05-01,9.91,1:10:37,7.125798856374033
2018-05-02,10.01,1:14:50,7.4758574758574765
2018-05-03,9.48,,
2018-05-04,10.0,1:20:53,8.088333333333333
2018-05-05,8.25,0:55:31,6.729292929292929
2018-05-06,14.13,1:45:52,7.492333097428639
2018-05-08,10.04,1:07:07,6.684926958831341
2018-05-09,8.3,0:59:28,7.164658634538152
2018-05-10,8.0,,
2018-05-11,8.08,,
2018-05-12,7.0,0:51:00,7.2857142857142865
2018-05-13,6.0,0:44:44,7.455555555555555
2018-05-14,3.11,0:15:32,4.994640943193998
2018-05-14,3.45,,
2018-05-25,4.25,0:32:20,7.6078431372549025
2018-05-26,5.4,0:43:00,7.962962962962963
2018-05-28,5.41,,
2018-05-29,4.5,,
2018-05-30,5.06,0:38:50,7.674571805006589
2018-05-31,5.28,0:39:19,7.446338383838383
2018-06-03,5.8,,
2018-06-04,6.0,,
2018-06-05,7.22,,
2018-06-06,6.9,0:53:45,7.789855072463768
2018-06-07,7.19,0:53:14,7.403801576263328
2018-06-08,7.22,0:52:00,7.202216066481995
2018-06-11,7.88,0:59:00,7.4873096446700504
2018-06-12,8.22,0:56:38,6.889699918896999
2018-06-13,7.2,0:52:30,7.291666666666667
2018-06-14,6.9,0:49:17,7.142512077294685
2018-06-15,8.27,1:00:13,7.281338170092705
2018-06-18,4.61,0:35:15,7.64642082429501
2018-06-19,8.04,0:56:42,7.05223880597015
2018-06-20,7.16,0:48:32,6.778398510242085
2018-06-21,7.42,,
2018-06-22,6.0,0:43:31,7.252777777777778
2018-06-23,10.05,1:07:29,6.714759535655058
2018-06-25,6.0,0:43:54,7.316666666666666
2018-06-26,8.0,1:00:16,7.533333333333333
2018-06-27,7.0,0:52:22,7.48095238095238
2018-06-28,8.0,0:58:18,7.2875
2018-06-29,7.6,0:55:54,7.355263157894737
2018-06-30,11.0,1:19:00,7.1818181818181825
2018-07-02,7.09,0:53:50,7.592853784673249
2018-07-03,7.21,0:55:54,7.753120665742025
2018-07-04,8.0,0:57:06,7.1375
2018-07-05,7.16,0:53:22,7.453445065176909
2018-07-06,7.04,0:52:24,7.4431818181818175
2018-07-07,12.09,1:21:40,6.7548938516680455
2018-07-08,6.41,0:46:53,7.314092563702547
2018-07-09,7.66,0:57:04,7.449956483899043
2018-07-10,7.09,0:55:09,7.778561354019746
2018-07-11,9.75,,
2018-07-12,5.89,0:44:21,7.529711375212225
2018-07-13,6.0,0:56:50,9.472222222222223
2018-07-14,13.1,1:29:17,6.815521628498728
2018-07-15,8.2,1:03:15,7.713414634146343
2018-07-16,4.0,,
2018-07-17,8.06,0:56:13,6.974772539288668
2018-07-18,8.25,,
2018-07-19,10.18,1:15:54,7.455795677799608
2018-07-20,8.05,,
2018-07-21,13.04,1:28:48,6.809815950920245
2018-07-23,7.14,0:52:10,7.3062558356676
2018-07-24,9.0,1:03:56,7.103703703703704
2018-07-25,9.0,,
2018-07-26,8.76,,
2018-07-27,9.0,1:05:23,7.264814814814815
2018-07-28,15.07,1:49:41,7.27825702278257
2018-07-29,7.0,0:51:58,7.423809523809524
2018-07-30,8.16,1:02:00,7.598039215686274
2018-07-31,9.5,1:07:45,7.131578947368421
2018-08-01,9.2,1:12:32,7.884057971014494
2018-08-02,9.1,1:09:22,7.622710622710623
2018-08-03,9.34,1:06:09,7.082441113490364
2018-08-04,15.12,1:49:33,7.24537037037037
2018-08-05,8.15,1:00:43,7.449897750511247
2018-08-06,9.5,,
2018-08-07,9.6,1:09:06,7.197916666666667
2018-08-09,12.0,1:26:33,7.2125
2018-08-10,12.0,1:27:54,7.325
2018-08-11,11.0,1:19:32,7.2303030303030305
2018-08-12,17.48,2:07:29,7.293096872616323
2018-08-13,8.0,1:00:00,7.5
2018-08-13,4.75,0:36:45,7.736842105263158
2018-08-14,8.0,,
2018-08-15,9.94,,
2018-08-15,4.3,0:32:07,7.468992248062016
2018-08-16,5.0,,
2018-08-17,11.0,1:16:58,6.996969696969697
2018-08-18,17.12,2:00:00,7.009345794392522
2018-08-19,12.0,1:22:33,6.879166666666666
2018-08-20,10.2,1:15:19,7.383986928104576
2018-08-20,2.18,0:16:30,7.56880733944954
2018-08-21,8.86,,
2018-08-22,8.0,,
2018-08-22,4.67,,
2018-08-23,10.14,1:12:00,7.100591715976331
2018-08-24,2.49,0:12:25,4.9866131191432395
2018-08-24,6.01,,
2018-08-24,4.0,0:30:47,7.695833333333334
2018-08-25,9.0,,
2018-08-26,16.0,1:45:00,6.5625
2018-08-28,11.24,1:23:00,7.384341637010676
2018-08-29,8.66,,
2018-08-29,5.17,,
2018-08-30,10.24,,
2018-08-31,3.73,0:19:47,5.303842716711349
2018-08-31,8.0,,
2018-09-01,10.24,,
2018-09-02,18.15,2:09:21,7.1267217630854
2018-09-03,10.0,1:08:24,6.84
2018-09-04,12.0,1:28:29,7.373611111111112
2018-09-04,4.0,0:30:00,7.5
2018-09-05,12.4,,
2018-09-06,8.0,,
2018-09-07,8.0,1:00:00,7.5
2018-09-08,4.97,0:27:21,5.503018108651912
2018-09-08,7.03,,
2018-09-09,17.58,2:00:00,6.825938566552902
2018-09-10,10.0,,
2018-09-11,12.0,,
2018-09-12,5.14,0:39:27,7.675097276264592
2018-09-12,12.0,1:31:25,7.618055555555555
2018-09-13,12.4,,
2018-09-14,12.0,1:32:00,7.666666666666667
2018-09-15,12.5,1:33:00,7.4399999999999995
2018-09-16,18.04,1:59:23,6.617701404286771
2018-09-18,4.67,,
2018-09-18,12.3,,
2018-09-19,12.03,,
2018-09-20,5.13,,
2018-09-20,12.0,1:28:41,7.390277777777778
2018-09-21,9.43,,
2018-09-23,11.0,,
2018-09-24,8.0,0:59:20,7.416666666666667
2018-09-25,4.0,,
2018-09-25,12.21,,
2018-09-26,10.0,,
2018-09-27,9.0,,
2018-09-28,4.97,0:26:08,5.258215962441315
2018-09-28,7.03,,
2018-09-29,10.31,1:15:00,7.274490785645004
2018-09-30,15.25,1:52:00,7.3442622950819665
2018-10-01,8.0,1:01:20,7.666666666666667
2018-10-02,4.0,0:28:06,7.025
2018-10-02,12.0,,
2018-10-03,10.85,,
2018-10-04,4.0,,
2018-10-04,10.0,,
2018-10-05,12.0,,
2018-10-06,16.05,1:54:00,7.102803738317757
2018-10-07,8.12,,
2018-10-09,4.0,0:29:59,7.495833333333334
2018-10-09,9.82,,
2018-10-10,11.39,,
2018-10-11,10.16,,
2018-10-12,7.5,,
2018-10-13,4.97,0:26:15,5.281690140845071
2018-10-13,6.5,,
2018-10-14,5.5,,
2018-10-15,10.12,,
2018-10-16,10.0,,
2018-10-17,11.22,,
2018-10-18,4.0,,
2018-10-18,11.0,,
2018-10-19,10.41,,
2018-10-20,8.2,1:04:00,7.8048780487804885
2018-10-21,14.38,,
2018-10-23,2.94,,
2018-10-23,10.25,,
2018-10-24,10.0,,
2018-10-25,7.15,,
2018-10-26,7.0,,
2018-10-27,4.97,0:25:59,5.228034875922201
2018-10-27,6.36,,
2018-10-28,14.0,1:40:40,7.190476190476191
2018-10-30,3.0,0:24:00,8.0
2018-10-30,10.0,,
2018-10-31,10.0,,
2018-11-01,10.0,,
2018-11-02,8.23,,
2018-11-03,13.0,,
2018-11-05,9.0,,
2018-11-06,9.5,,
2018-11-07,8.0,,
2018-11-08,6.65,,
2018-11-09,6.22,0:40:00,6.430868167202573
2018-11-10,4.97,0:26:28,5.325285043594903
2018-11-10,4.86,,
2018-11-22,4.0,,
2018-11-23,3.11,,
2018-11-25,4.0,,
2018-11-26,5.5,0:46:00,8.363636363636363
2018-11-27,4.5,,
2018-11-28,5.05,,
2018-11-29,5.22,,
2018-11-30,4.67,,
2018-12-01,4.84,,
2018-12-03,4.17,,
2018-12-04,7.0,0:57:10,8.166666666666666
2018-12-05,6.88,,
2018-12-06,7.0,0:49:40,7.095238095238096
2018-12-07,7.56,,
2018-12-09,4.53,,
2018-12-10,5.69,,
2018-12-11,6.25,,
2018-12-12,7.3,,
2018-12-13,7.1,,
2018-12-14,7.1,,
2018-12-15,10.0,,
2018-12-16,6.65,,
2018-12-17,7.7,,
2018-12-18,8.0,,
2018-12-19,8.0,,
2018-12-20,8.0,,
2018-12-21,8.0,,
2018-12-22,10.5,,
2018-12-24,8.25,,
2018-12-25,8.25,,
2018-12-26,10.78,,
2018-12-27,7.1,,
2018-12-28,6.88,,
2018-12-29,2.87,,
2018-12-30,2.88,,
2019-01-01,7.25,,
2019-01-02,9.1,,
2019-01-03,9.1,,
2019-01-04,9.3,,
2019-01-05,9.3,,
2019-01-06,12.05,,
2019-01-08,9.0,,
2019-01-09,9.0,,
2019-01-10,3.0,,
2019-01-10,7.0,,
2019-01-11,10.35,,
2019-01-12,8.0,,
2019-01-13,10.61,,
2019-01-14,11.06,,
2019-01-15,9.5,,
2019-01-16,9.88,,
2019-01-17,8.0,,
2019-01-18,3.11,0:16:09,5.192926045016078
2019-01-18,5.69,,
2019-01-19,13.0,1:37:30,7.5
2019-01-20,8.0,0:57:19,7.164583333333334
2019-01-21,5.0,0:36:19,7.263333333333334
2019-01-23,8.0,,
2019-01-24,10.2,,
2019-01-25,3.0,,
2019-01-25,8.0,0:59:46,7.470833333333333
2019-01-26,10.0,,
2019-01-27,13.0,,
2019-01-28,5.75,,
2019-01-29,9.0,,
2019-01-30,8.0,,
2019-01-31,5.0,0:36:50,7.366666666666666
2019-02-01,1.0,0:4:33,4.55
2019-02-01,7.0,,
2019-02-02,9.25,1:10:12,7.589189189189189
2019-02-03,14.0,,
2019-02-04,8.0,,
2019-02-05,9.73,,
2019-02-06,9.85,1:13:30,7.461928934010152
2019-02-07,9.85,,
2019-02-08,9.09,,
2019-02-09,0.75,0:3:17,4.377777777777778
2019-02-09,9.0,,
2019-02-10,14.05,1:37:11,6.9169632265717675
2019-02-12,10.0,,
2019-02-13,9.5,,
2019-02-14,8.0,,
2019-02-15,8.0,,
2019-02-16,1.86,0:9:02,4.856630824372759
2019-02-16,8.2,,
2019-02-17,13.25,,
2019-02-19,9.75,,
2019-02-20,8.0,1:02:30,7.8125
2019-02-21,9.75,,
2019-02-22,8.0,,
2019-02-23,7.75,,
2019-02-24,0.75,0:3:18,4.4
2019-02-24,1.0,0:4:33,4.55
2019-02-24,1.86,0:9:17,4.991039426523297
2019-02-24,9.65,,
2019-02-26,8.0,,
2019-02-27,8.0,,
2019-02-28,12.22,,
2019-03-01,8.0,,
2019-03-02,7.0,,
2019-03-03,14.0,,
2019-03-04,8.0,,
2019-03-05,8.0,,
2019-03-06,8.0,,
2019-03-07,9.6,,
2019-03-08,8.83,,
2019-03-09,15.48,,
2019-03-10,5.82,,
2019-03-11,5.3,,
2019-03-12,9.0,,
2019-03-13,8.0,,
2019-03-14,7.0,,
2019-03-15,3.11,0:15:46,5.069667738478028
2019-03-15,4.9,,
2019-03-16,15.13,1:43:02,6.8098700154218985
2019-03-17,7.0,,
2019-03-19,10.0,,
2019-03-20,10.0,,
2019-03-21,9.0,,
2019-03-22,8.0,,
2019-03-23,10.0,,
2019-03-24,15.17,,
2019-03-25,5.4,,
2019-03-26,7.25,,
2019-03-27,9.0,,
2019-03-28,8.0,,
2019-03-29,3.11,0:15:05,4.84994640943194
2019-03-29,2.91,,
2019-03-30,1.24,,
2019-03-30,4.0,,
2019-03-31,7.03,,
2019-04-01,15.0,1:40:00,6.666666666666667
2019-04-03,9.03,,
2019-04-05,8.0,,
2019-04-06,6.35,,
2019-04-07,14.0,,
2019-04-08,5.33,,
2019-04-09,10.0,,
2019-04-10,8.6,,
2019-04-11,7.34,,
2019-04-12,8.3,,
2019-04-13,8.79,,
2019-04-14,10.19,,
2019-04-15,6.48,,
2019-04-16,7.36,,
2019-04-17,8.0,,
2019-04-18,6.08,,
2019-04-19,6.21,0:32:35,5.246913580246914
2019-04-19,4.54,,
2019-04-20,3.11,0:15:12,4.887459807073955
2019-04-20,3.75,,
2019-04-22,5.33,,
2019-04-23,7.8,,
2019-04-24,8.0,,
2019-04-25,7.0,,
2019-04-26,6.0,,
2019-04-27,11.32,,
2019-04-29,8.0,,
2019-04-30,7.55,,
2019-05-01,8.0,,
2019-05-02,8.1,,
2019-05-03,12.0,,
2019-05-05,5.0,,
2019-05-06,7.85,,
2019-05-07,8.35,,
2019-05-08,8.0,,
2019-05-09,6.37,,
2019-05-10,6.0,,
2019-05-11,6.23,,
2019-05-12,5.0,,
2019-05-13,3.11,0:14:56,4.801714898177921
2019-05-13,3.42,,
2019-05-16,7.0,,
2019-05-17,7.95,,
2019-05-18,4.44,,
2019-05-19,12.4,,
2019-05-21,5.5,0:44:27,8.081818181818182
2019-05-22,5.5,,
2019-05-23,5.3,,
2019-05-24,6.5,,
2019-05-25,4.44,,
2019-05-25,3.1,0:17:58,5.795698924731183
2019-05-25,1.4,,
2019-06-06,4.25,,
2019-06-09,1.96,,
2019-06-13,1.0,,
2019-06-14,2.0,,
2019-06-15,3.17,0:21:46,6.8664563617245005
2019-06-17,4.09,0:29:23,7.184189079054605
2019-06-18,5.5,0:41:46,7.593939393939394
2019-06-20,5.5,0:38:54,7.072727272727273
2019-06-21,4.9,0:33:37,6.860544217687075
2019-06-22,5.02,0:34:44,6.918990703851263
2019-06-24,5.14,0:38:02,7.399481193255513
2019-06-25,6.59,0:49:42,7.541729893778452
2019-06-27,5.5,0:38:02,6.915151515151516
2019-06-28,5.1,0:35:35,6.977124183006537
2019-06-29,5.12,0:34:21,6.708984375
2019-07-01,5.12,0:35:22,6.907552083333333
2019-07-02,5.06,0:36:42,7.252964426877471
2019-07-04,6.0,0:42:01,7.002777777777778
2019-07-05,5.01,0:34:46,6.9394544244843654
2019-07-06,5.04,0:39:11,7.7744708994708995
2019-07-08,6.03,0:43:31,7.216694306246544
2019-07-09,5.07,0:37:40,7.429322813938199
2019-07-11,6.0,0:42:41,7.113888888888889
2019-07-12,6.19,0:44:14,7.145934302638664
2019-07-13,7.0,0:50:11,7.169047619047619
2019-07-15,5.1,0:34:44,6.81045751633987
2019-07-16,7.2,0:52:56,7.351851851851851
2019-07-18,5.1,0:37:30,7.352941176470589
2019-07-19,8.0,0:55:42,6.9625
2019-07-20,6.07,0:43:20,7.1389346512905
2019-07-22,5.11,0:36:58,7.234181343770385
2019-07-23,7.01,0:51:21,7.325249643366619
2019-07-25,5.32,0:35:53,6.744987468671679
2019-07-26,5.58,0:39:54,7.150537634408602
2019-07-27,9.12,0:58:24,6.4035087719298245
2019-07-29,6.01,0:44:53,7.468108707709374
2019-07-30,7.08,0:51:15,7.238700564971752
2019-08-01,5.07,0:40:19,7.952005259697567
2019-08-02,7.0,0:50:13,7.173809523809524
2019-08-03,10.26,1:11:00,6.920077972709552
2019-08-05,7.33,0:52:37,7.178262846748522
2019-08-06,6.0,0:43:57,7.325
2019-08-07,7.49,0:56:15,7.510013351134846
2019-08-08,10.0,1:09:24,6.9399999999999995
2019-08-09,3.47,0:25:34,7.367915465898174
2019-08-10,11.0,1:16:52,6.987878787878787
2019-08-12,6.03,0:43:01,7.133775566611387
2019-08-13,7.07,0:52:46,7.463460631777464
2019-08-14,9.04,1:00:42,6.714601769911505
2019-08-15,8.04,1:00:02,7.466832504145938
2019-08-16,7.88,0:54:32,6.920473773265652
2019-08-17,12.01,1:19:25,6.612545101304468
2019-08-19,7.04,0:50:27,7.1661931818181825
2019-08-20,8.0,0:58:10,7.270833333333333
2019-08-21,10.02,1:07:05,6.694943446440452
2019-08-22,7.01,0:51:49,7.391821207798384
2019-08-23,8.0,0:56:01,7.002083333333333
2019-08-24,13.1,1:23:56,6.407124681933842
2019-08-26,8.04,0:58:03,7.2201492537313445
2019-08-26,5.08,0:35:49,7.050524934383202
2019-08-27,6.08,0:45:56,7.5548245614035086
2019-08-28,8.08,0:55:10,6.827557755775577
2019-08-29,8.41,1:00:55,7.243361078081649
2019-08-30,6.32,0:46:44,7.394514767932489
2019-08-31,10.48,,
2019-09-01,14.06,1:33:59,6.684447605500237
2019-09-03,5.04,0:39:55,7.919973544973545
2019-09-04,11.03,,
2019-09-06,7.01,0:52:45,7.5249643366619114
2019-09-06,0.62,0:2:53,4.650537634408603
2019-09-06,4.27,,
2019-09-07,8.03,0:55:42,6.936488169364882
2019-09-08,14.08,1:34:27,6.708096590909091
2019-09-09,7.75,0:53:25,6.89247311827957
2019-09-10,7.34,0:54:01,7.35921889191644
2019-09-11,12.47,,
2019-09-12,3.46,0:26:58,7.79383429672447
2019-09-13,9.75,1:09:44,7.1521367521367525
2019-09-15,7.24,0:48:49,6.7426335174953955
2019-09-15,5.69,0:38:00,6.678383128295255
2019-09-16,7.36,0:52:23,7.117300724637682
2019-09-17,6.17,0:44:57,7.285251215559157
2019-09-18,11.51,,
2019-09-19,8.1,0:59:28,7.341563786008231
2019-09-22,13.31,1:36:33,7.253944402704733
2019-09-23,8.01,0:59:53,7.476071577195173
2019-09-24,8.3,0:58:46,7.0803212851405615
2019-09-25,12.53,,
2019-09-27,8.0,0:58:44,7.341666666666667
2019-09-28,8.14,0:58:51,7.229729729729729
2019-09-29,12.91,1:35:24,7.389620449264137
2019-09-30,4.08,0:30:02,7.361111111111112
2019-10-01,7.5,0:53:14,7.097777777777778
2019-10-02,9.51,,
2019-10-03,4.0,0:31:03,7.7625
2019-10-04,6.3,0:45:33,7.23015873015873
2019-10-05,4.97,0:25:47,5.187793427230047
2019-10-05,4.93,,
2019-10-06,7.47,0:58:04,7.773315484158858
2019-10-08,6.0,0:41:44,6.955555555555555
2019-10-09,12.0,,
2019-10-10,6.95,0:51:02,7.342925659472423
2019-10-11,8.05,0:59:19,7.368530020703933
2019-10-12,6.12,0:42:51,7.001633986928104
2019-10-13,13.1,1:22:46,6.318066157760814
2019-10-14,4.68,0:33:01,7.054843304843305
2019-10-15,8.02,0:55:59,6.980465502909394
2019-10-16,11.84,,
2019-10-17,6.04,0:43:35,7.2157836644591615
2019-10-18,5.14,0:36:12,7.042801556420233
2019-10-19,4.97,0:26:14,5.278336686787392
2019-10-19,5.61,,
2019-10-20,14.38,1:35:14,6.622624014835419
2019-10-22,6.04,0:44:07,7.304083885209713
2019-10-23,11.42,,
2019-10-28,10.09,1:10:30,6.9871159563924685
2019-10-29,6.02,0:44:37,7.411406423034331
2019-10-30,11.47,,
2019-10-31,7.28,0:54:42,7.513736263736264
2019-11-01,3.47,0:24:32,7.070124879923151
2019-11-02,6.5,0:43:47,6.735897435897436
2019-11-03,13.0,1:31:44,7.056410256410256
2019-11-03,2.08,0:15:36,7.5
2019-11-05,8.14,0:56:12,6.904176904176904
2019-11-06,9.88,,
2019-11-07,7.06,0:53:47,7.618035882908404
2019-11-08,7.14,0:52:00,7.282913165266107
2019-11-09,7.13,0:49:32,6.947171575502571
2019-11-10,6.21,0:32:26,5.222758990874933
2019-11-10,6.35,,
2019-11-11,4.04,0:32:09,7.957920792079208
2019-11-13,10.5,,
2019-11-14,6.62,0:47:55,7.23816717019134
2019-11-15,4.7,0:34:13,7.280141843971631
2019-11-16,14.23,,
2019-11-17,14.5,1:48:06,7.455172413793104
2019-11-18,4.85,0:37:13,7.673539518900344
2019-11-20,10.36,,
2019-11-21,6.21,0:44:23,7.1470746108427265
2019-11-22,8.22,0:58:04,7.064071370640714
2019-11-23,12.17,,
2019-11-24,14.0,1:37:02,6.93095238095238
2019-11-27,5.02,0:36:08,7.197875166002657
2019-11-28,6.15,0:42:22,6.888888888888888
2019-11-29,6.26,0:46:15,7.388178913738019
2019-11-30,3.11,0:15:44,5.058949624866023
2019-11-30,4.9,,
2019-12-03,7.28,0:53:04,7.289377289377289
2019-12-04,9.58,,
2019-12-05,7.0,0:50:33,7.2214285714285715
2019-12-06,4.09,0:27:53,6.817440912795436
2019-12-07,10.75,1:10:26,6.551937984496123
2019-12-10,6.54,,
2019-12-11,6.34,0:46:57,7.405362776025237
2019-12-12,6.51,0:46:36,7.158218125960062
2019-12-13,6.55,0:46:58,7.1704834605597965
2019-12-14,6.21,0:34:14,5.5126140633387015
2019-12-14,5.58,,
2019-12-17,4.7,0:33:30,7.127659574468085
2019-12-18,4.69,0:31:50,6.787491115849324
2019-12-19,4.79,0:35:46,7.466945024356297
2019-12-22,4.95,0:35:19,7.134680134680135
2019-12-24,6.0,0:40:17,6.713888888888889
2020-01-03,4.35,0:32:30,7.471264367816093
2020-01-07,4.72,0:33:55,7.1857344632768365
2020-01-08,8.6,,
2020-01-09,4.72,0:35:18,7.478813559322035
2020-01-10,6.04,0:42:41,7.066777041942604
2020-01-11,6.13,0:43:08,7.036432843936923
2020-01-13,5.1,0:33:49,6.630718954248366
2020-01-14,6.02,0:43:23,7.206533776301218
2020-01-17,8.13,0:59:33,7.3247232472324715
2020-01-19,9.61,1:04:44,6.736038848421783
2020-01-20,6.68,0:50:00,7.485029940119761
2020-01-21,5.0,0:35:53,7.176666666666667
2020-01-22,6.11,0:43:23,7.10038188761593
2020-01-24,7.16,0:48:25,6.762104283054003
2020-01-25,6.45,0:45:55,7.118863049095607
2020-01-26,10.0,1:08:04,6.806666666666667
2020-01-27,6.06,0:43:48,7.227722772277229
2020-01-28,6.34,0:45:06,7.113564668769716
2020-01-29,11.45,,
2020-01-30,6.3,0:45:17,7.1878306878306875
2020-02-01,14.4,1:35:19,6.619212962962963
2020-02-02,5.84,0:45:46,7.83675799086758
2020-02-03,8.18,0:59:48,7.310513447432763
2020-02-04,6.56,0:47:42,7.271341463414634
2020-02-05,12.11,,
2020-02-06,6.19,0:49:02,7.9213785675821216
2020-02-08,7.55,0:54:11,7.176600441501104
2020-02-09,3.11,0:16:01,5.15005359056806
2020-02-09,8.98,,
2020-02-10,5.15,0:38:43,7.517799352750809
2020-02-11,7.45,0:52:11,7.004474272930649
2020-02-12,10.58,,
2020-02-14,6.94,0:50:29,7.274255523535062
2020-02-15,15.34,1:41:01,6.585180356366797
2020-02-16,6.91,0:49:26,7.153883260974434
2020-02-17,5.95,0:43:21,7.285714285714286
2020-02-18,8.08,0:53:45,6.6522277227722775
